month_start,app_name,volume_mn,value_cr,source_file
2023-11-01,AU Small Finance Bank Apps,0.66,239.22,appwise_master.ods
2023-11-01,Airtel Payments Bank Apps,11.06,795.35,appwise_master.ods
2023-11-01,Allahabad Bank Apps,0.03,6.93,appwise_master.ods
2023-11-01,Amazon Pay,48.62,5737.75,appwise_master.ods
2023-11-01,Axis Bank Apps,11.52,2305.08,appwise_master.ods
2023-11-01,BHIM,23.49,7957.46,appwise_master.ods
2023-11-01,Bajaj Finserv,15.95,2406.06,appwise_master.ods
2023-11-01,Bajaj Pay Wallet,0.26,62.02,appwise_master.ods
2023-11-01,Bank of Baroda Apps,0.95,412.54,appwise_master.ods
2023-11-01,Bank of India Apps,0.24,88.76,appwise_master.ods
2023-11-01,Bank of Maharashtra Apps,0.04,8.79,appwise_master.ods
2023-11-01,CBDC Apps,0.2,8.49,appwise_master.ods
2023-11-01,Canara Bank Apps,2.29,667.04,appwise_master.ods
2023-11-01,Central Bank of India Apps,0.51,117.17,appwise_master.ods
2023-11-01,Citi Bank Apps,0.07,60.24,appwise_master.ods
2023-11-01,City Union Bank Apps,0.07,22.07,appwise_master.ods
2023-11-01,Cred,93.31,34541.32,appwise_master.ods
2023-11-01,DBS Digibank Apps,0.52,196.26,appwise_master.ods
2023-11-01,Deutsche Bank Apps,3.26,268.83,appwise_master.ods
2023-11-01,Digikhata,0.05,20.12,appwise_master.ods
2023-11-01,Equitas Small Finance Bank Apps,0.03,19.96,appwise_master.ods
2023-11-01,Fampay,28.43,336.92,appwise_master.ods
2023-11-01,Fave,0.09,8.29,appwise_master.ods
2023-11-01,Federal Bank Apps,5.51,698.05,appwise_master.ods
2023-11-01,Fino Payments Bank Apps,0.27,25.0,appwise_master.ods
2023-11-01,Go Kiwi,0.76,93.99,appwise_master.ods
2023-11-01,Google Pay,4099.08,599748.64,appwise_master.ods
2023-11-01,Groww,4.59,2528.81,appwise_master.ods
2023-11-01,HDFC Bank Apps,20.68,5511.35,appwise_master.ods
2023-11-01,HSBC Bank Apps,0.18,110.45,appwise_master.ods
2023-11-01,ICICI Bank Apps,27.41,11134.92,appwise_master.ods
2023-11-01,IDBI Bank Apps,0.07,35.22,appwise_master.ods
2023-11-01,IDFC Bank Apps,4.96,1306.91,appwise_master.ods
2023-11-01,INDIE - Indus Ind,0.16,30.77,appwise_master.ods
2023-11-01,India Post Payments Bank Apps,5.27,532.66,appwise_master.ods
2023-11-01,Indian Bank Apps,0.36,89.84,appwise_master.ods
2023-11-01,Indian Overseas Bank Apps,0.09,24.83,appwise_master.ods
2023-11-01,IndusInd Bank Apps,0.9,193.07,appwise_master.ods
2023-11-01,Jio Payments Bank Apps,1.26,117.05,appwise_master.ods
2023-11-01,Jupiter Money,4.29,577.81,appwise_master.ods
2023-11-01,Karnataka Bank Apps,0.68,138.91,appwise_master.ods
2023-11-01,Karur Vysya Bank Apps,0.04,14.83,appwise_master.ods
2023-11-01,Kotak Mahindra Bank Apps,23.88,4341.61,appwise_master.ods
2023-11-01,MakeMyTrip,0.04,22.58,appwise_master.ods
2023-11-01,Mobikwik,4.579999999999999,1475.75,appwise_master.ods
2023-11-01,NSDL Payments Bank Apps,0.03,5.89,appwise_master.ods
2023-11-01,Navi,0.6,37.44,appwise_master.ods
2023-11-01,OmniCard,1.09,37.85,appwise_master.ods
2023-11-01,Other Apps,0.11,26.81,appwise_master.ods
2023-11-01,Paytm,1360.45,166257.62,appwise_master.ods
2023-11-01,PhonePe,5281.68,854939.06,appwise_master.ods
2023-11-01,Punjab National Bank Apps,1.04,214.29,appwise_master.ods
2023-11-01,Punjab Sind Bank Apps,0.03,14.19,appwise_master.ods
2023-11-01,RBL Bank Apps,1.85,621.67,appwise_master.ods
2023-11-01,Samsung Pay,5.84,557.36,appwise_master.ods
2023-11-01,Shriram One,0.09,10.06,appwise_master.ods
2023-11-01,Slice,2.27,386.89,appwise_master.ods
2023-11-01,South Indian Bank Apps,0.25,74.07,appwise_master.ods
2023-11-01,Standard Chartered Bank Apps,3.82,262.18,appwise_master.ods
2023-11-01,State Bank of India Apps,5.36,2162.43,appwise_master.ods
2023-11-01,Tamilnad Mercantile Bank Apps,0.1,29.13,appwise_master.ods
2023-11-01,TataNeu,0.08,11.36,appwise_master.ods
2023-11-01,Timepay,0.04,1.2,appwise_master.ods
2023-11-01,UCO Bank Apps,0.26,81.93,appwise_master.ods
2023-11-01,Ultracash,0.08,5.5,appwise_master.ods
2023-11-01,Union Bank Apps,0.95,376.07,appwise_master.ods
2023-11-01,WhatsApp,22.29,1917.47,appwise_master.ods
2023-11-01,Yes Bank Apps,25.77,11004.32,appwise_master.ods
2024-01-01,AU Small Finance Bank Apps,0.66,259.49,appwise_master.ods
2024-01-01,Airtel Payments Bank Apps,13.24,902.32,appwise_master.ods
2024-01-01,Allahabad Bank Apps,0.03,6.51,appwise_master.ods
2024-01-01,Amazon Pay,59.48,6288.95,appwise_master.ods
2024-01-01,Axis Bank Apps,13.31,2775.63,appwise_master.ods
2024-01-01,BHIM,29.98,8778.61,appwise_master.ods
2024-01-01,BPAYWALLET,0.43,88.49,appwise_master.ods
2024-01-01,Bajaj Finserv,19.87,2737.66,appwise_master.ods
2024-01-01,Bank of Baroda Apps,1.14,505.93,appwise_master.ods
2024-01-01,Bank of India Apps,0.29,108.18,appwise_master.ods
2024-01-01,Bank of Maharashtra Apps,0.04,8.06,appwise_master.ods
2024-01-01,CBDC Apps,0.8,46.45,appwise_master.ods
2024-01-01,Canara Bank Apps,2.62,758.31,appwise_master.ods
2024-01-01,Central Bank of India Apps,0.63,150.41,appwise_master.ods
2024-01-01,Citi Bank Apps,0.08,79.39,appwise_master.ods
2024-01-01,City Union Bank Apps,0.08,25.49,appwise_master.ods
2024-01-01,Cred,108.86,38229.82,appwise_master.ods
2024-01-01,DBS Digibank Apps,0.7,252.85,appwise_master.ods
2024-01-01,Deutsche Bank Apps,3.89,294.6,appwise_master.ods
2024-01-01,Dhani,0.04,2.71,appwise_master.ods
2024-01-01,Digikhata,0.08,30.34,appwise_master.ods
2024-01-01,Equitas Small Finance Bank Apps,0.03,23.19,appwise_master.ods
2024-01-01,FIFEDERAL,0.47,57.15,appwise_master.ods
2024-01-01,Fampay,36.62,418.33,appwise_master.ods
2024-01-01,Federal Bank Apps,5.33,674.05,appwise_master.ods
2024-01-01,Fino Payments Bank Apps,0.29,31.67,appwise_master.ods
2024-01-01,Go Kiwi,0.74,105.76,appwise_master.ods
2024-01-01,Google Pay,4442.86,635945.58,appwise_master.ods
2024-01-01,Groww,9.41,6540.35,appwise_master.ods
2024-01-01,HDFC Bank Apps,25.05,5458.04,appwise_master.ods
2024-01-01,HSBC Bank Apps,0.2,117.97,appwise_master.ods
2024-01-01,ICICI Bank Apps,28.93,12995.05,appwise_master.ods
2024-01-01,IDBI Bank Apps,0.08,42.31,appwise_master.ods
2024-01-01,IDFC Bank Apps,5.47,1448.5,appwise_master.ods
2024-01-01,INDIE - Indus Ind,0.25,42.84,appwise_master.ods
2024-01-01,India Post Payments Bank Apps,4.69,461.95,appwise_master.ods
2024-01-01,Indian Bank Apps,1.29,311.48,appwise_master.ods
2024-01-01,Indian Overseas Bank Apps,0.11,29.92,appwise_master.ods
2024-01-01,Jio Payments Bank Apps,1.51,137.62,appwise_master.ods
2024-01-01,Jupiter Edge,0.05,14.71,appwise_master.ods
2024-01-01,Jupiter Money,4.97,665.54,appwise_master.ods
2024-01-01,Karnataka Bank Apps,0.67,144.11,appwise_master.ods
2024-01-01,Karur Vysya Bank Apps,0.04,15.23,appwise_master.ods
2024-01-01,Kotak Mahindra Bank Apps,28.24,4981.01,appwise_master.ods
2024-01-01,MBK,0.39,57.77,appwise_master.ods
2024-01-01,MakeMyTrip,0.03,15.48,appwise_master.ods
2024-01-01,Mobikwik,5.19,1625.48,appwise_master.ods
2024-01-01,NSDL Payments Bank Apps,0.04,5.77,appwise_master.ods
2024-01-01,Navi,0.96,54.5,appwise_master.ods
2024-01-01,OmniCard,1.15,37.16,appwise_master.ods
2024-01-01,Other Apps,0.13,31.46,appwise_master.ods
2024-01-01,PAYTMWALLET,0.03,3.11,appwise_master.ods
2024-01-01,Paytm,1442.41,164333.33,appwise_master.ods
2024-01-01,PhonePe,5734.54,906793.76,appwise_master.ods
2024-01-01,Punjab National Bank Apps,1.32,335.6,appwise_master.ods
2024-01-01,RBL Bank Apps,3.15,739.53,appwise_master.ods
2024-01-01,Samsung Pay,5.73,518.32,appwise_master.ods
2024-01-01,Shriram One,0.59,31.86,appwise_master.ods
2024-01-01,Slice,3.27,449.9500000000001,appwise_master.ods
2024-01-01,South Indian Bank Apps,0.33,105.23,appwise_master.ods
2024-01-01,Standard Chartered Bank Apps,2.61,195.77,appwise_master.ods
2024-01-01,State Bank of India Apps,6.1,2425.87,appwise_master.ods
2024-01-01,Tamilnad Mercantile Bank Apps,0.12,32.85,appwise_master.ods
2024-01-01,TataNeu,0.08,11.48,appwise_master.ods
2024-01-01,Timepay,0.03,0.33,appwise_master.ods
2024-01-01,UCO Bank Apps,0.21,76.62,appwise_master.ods
2024-01-01,Ultracash,0.08,5.95,appwise_master.ods
2024-01-01,Union Bank Apps,1.11,451.7,appwise_master.ods
2024-01-01,WhatsApp,26.08,2132.83,appwise_master.ods
2024-01-01,Yes Bank Apps,23.01,11585.54,appwise_master.ods
2024-04-01,AU Small Finance Bank Apps,0.8,257.99,appwise_master.ods
2024-04-01,Airtel Payments Bank Apps,16.19,1243.65,appwise_master.ods
2024-04-01,Allahabad Bank Apps,0.02,6.18,appwise_master.ods
2024-04-01,Amazon Pay,64.33,6784.82,appwise_master.ods
2024-04-01,Axis Bank Apps,13.53,3313.28,appwise_master.ods
2024-04-01,BHIM,25.48,8670.52,appwise_master.ods
2024-04-01,Bajaj Finserv,10.29,1819.55,appwise_master.ods
2024-04-01,Bank of Baroda Apps,0.99,459.5,appwise_master.ods
2024-04-01,Bank of India Apps,0.21,87.25,appwise_master.ods
2024-04-01,Bank of Maharashtra Apps,0.06,13.96,appwise_master.ods
2024-04-01,Canara Bank Apps,3.03,812.15,appwise_master.ods
2024-04-01,Central Bank of India Apps,0.89,204.45,appwise_master.ods
2024-04-01,Cheq,0.01,1.13,appwise_master.ods
2024-04-01,Citi Bank Apps,0.06,69.18,appwise_master.ods
2024-04-01,City Union Bank Apps,0.08,26.6,appwise_master.ods
2024-04-01,Cred,138.46,43233.21,appwise_master.ods
2024-04-01,DBS Digibank Apps,0.46,182.52,appwise_master.ods
2024-04-01,Deutsche Bank Apps,3.28,441.56,appwise_master.ods
2024-04-01,Dhani,0.13,7.44,appwise_master.ods
2024-04-01,Digikhata,0.15,51.08,appwise_master.ods
2024-04-01,Equitas Small Finance Bank Apps,0.03,25.52,appwise_master.ods
2024-04-01,Fampay,46.64,588.0,appwise_master.ods
2024-04-01,Fave,0.02,1.16,appwise_master.ods
2024-04-01,Federal Bank Apps,6.14,821.8,appwise_master.ods
2024-04-01,Fino Payments Bank Apps,0.35,49.47,appwise_master.ods
2024-04-01,Flipkart UPI,3.46,174.73,appwise_master.ods
2024-04-01,Go Kiwi,0.58,92.87,appwise_master.ods
2024-04-01,Go Niyo,0.04,16.77,appwise_master.ods
2024-04-01,Google Pay,5027.32,694189.68,appwise_master.ods
2024-04-01,Groww,8.02,5452.72,appwise_master.ods
2024-04-01,HDFC Bank Apps,35.99,7689.44,appwise_master.ods
2024-04-01,HSBC Bank Apps,0.32,126.55,appwise_master.ods
2024-04-01,ICICI Bank Apps,35.39,14357.18,appwise_master.ods
2024-04-01,IDBI Bank Apps,0.06,20.15,appwise_master.ods
2024-04-01,IDFC Bank Apps,6.45,1581.78,appwise_master.ods
2024-04-01,India Post Payments Bank Apps,5.08,687.52,appwise_master.ods
2024-04-01,Indian Bank Apps,1.5,310.69,appwise_master.ods
2024-04-01,Indian Overseas Bank Apps,0.11,30.1,appwise_master.ods
2024-04-01,IndusInd Bank Apps,1.06,191.64,appwise_master.ods
2024-04-01,Jio Payments Bank Apps,1.87,164.17,appwise_master.ods
2024-04-01,Jupiter Edge,0.14,22.88,appwise_master.ods
2024-04-01,Jupiter Money,5.92,710.69,appwise_master.ods
2024-04-01,Karnataka Bank Apps,0.15,27.18,appwise_master.ods
2024-04-01,Karur Vysya Bank Apps,0.05,18.94,appwise_master.ods
2024-04-01,Kotak Mahindra Bank Apps,41.54,6101.88,appwise_master.ods
2024-04-01,MakeMyTrip,0.04,19.32,appwise_master.ods
2024-04-01,Mobikwik,9.76,2248.19,appwise_master.ods
2024-04-01,NSDL Payments Bank Apps,0.08,11.88,appwise_master.ods
2024-04-01,Navi,15.1,402.92,appwise_master.ods
2024-04-01,OmniCard,1.06,37.27,appwise_master.ods
2024-04-01,Other Apps,1.03,108.18,appwise_master.ods
2024-04-01,Paytm,1117.13,122554.24,appwise_master.ods
2024-04-01,PhonePe,6500.14,1001679.63,appwise_master.ods
2024-04-01,Punjab National Bank Apps,1.66,419.99,appwise_master.ods
2024-04-01,Punjab Sind Bank Apps,0.03,12.15,appwise_master.ods
2024-04-01,RBL Bank Apps,1.46,529.18,appwise_master.ods
2024-04-01,Samsung Pay,6.3,527.4,appwise_master.ods
2024-04-01,Shriram One,0.4,37.49,appwise_master.ods
2024-04-01,Slice,7.51,608.62,appwise_master.ods
2024-04-01,South Indian Bank Apps,0.43,129.71,appwise_master.ods
2024-04-01,Standard Chartered Bank Apps,0.16,105.48,appwise_master.ods
2024-04-01,State Bank of India Apps,6.49,2385.64,appwise_master.ods
2024-04-01,Tamilnad Mercantile Bank Apps,0.09,24.69,appwise_master.ods
2024-04-01,TataNeu,0.32,34.06,appwise_master.ods
2024-04-01,Timepay,2.15,24.14,appwise_master.ods
2024-04-01,UCO Bank Apps,0.16,54.3,appwise_master.ods
2024-04-01,Ultracash,0.09,6.16,appwise_master.ods
2024-04-01,Union Bank Apps,1.25,525.02,appwise_master.ods
2024-04-01,WhatsApp,34.12,2815.68,appwise_master.ods
2024-04-01,Yes Bank Apps,21.99,11978.36,appwise_master.ods
2024-05-01,AU Small Finance Bank Apps,0.82,249.6,appwise_master.ods
2024-05-01,Aditya Birla Capital Digital,0.05,1.84,appwise_master.ods
2024-05-01,Airtel Payments Bank Apps,17.29,1329.67,appwise_master.ods
2024-05-01,Amazon Pay,68.34,7419.41,appwise_master.ods
2024-05-01,Axis Bank Apps,14.15,3722.58,appwise_master.ods
2024-05-01,BHIM,23.43,8095.99,appwise_master.ods
2024-05-01,Bajaj Finserv,9.55,1685.51,appwise_master.ods
2024-05-01,Bank of Baroda Apps,1.02,456.55,appwise_master.ods
2024-05-01,Bank of India Apps,0.21,81.09,appwise_master.ods
2024-05-01,Bank of Maharashtra Apps,0.05,10.37,appwise_master.ods
2024-05-01,Canara Bank Apps,3.06,828.58,appwise_master.ods
2024-05-01,Central Bank of India Apps,0.95,213.29,appwise_master.ods
2024-05-01,Citi Bank Apps,0.08,66.69,appwise_master.ods
2024-05-01,City Union Bank Apps,0.08,28.77,appwise_master.ods
2024-05-01,Cred,140.08,47547.15,appwise_master.ods
2024-05-01,DBS Digibank Apps,0.48,192.6,appwise_master.ods
2024-05-01,Deutsche Bank Apps,2.34,369.39,appwise_master.ods
2024-05-01,Dhani,0.11,13.12,appwise_master.ods
2024-05-01,Digikhata,0.16,52.29,appwise_master.ods
2024-05-01,Equitas Small Finance Bank Apps,0.04,25.35,appwise_master.ods
2024-05-01,Fampay,50.1,630.89,appwise_master.ods
2024-05-01,Federal Bank Apps,5.95,811.83,appwise_master.ods
2024-05-01,Fino Payments Bank Apps,0.38,53.86,appwise_master.ods
2024-05-01,Flipkart UPI,4.44,251.85,appwise_master.ods
2024-05-01,Google Pay,5219.56,723315.7,appwise_master.ods
2024-05-01,Groww,10.15,7086.12,appwise_master.ods
2024-05-01,HDFC Bank Apps,35.4,8104.06,appwise_master.ods
2024-05-01,HSBC Bank Apps,0.37,144.05,appwise_master.ods
2024-05-01,ICICI Bank Apps,38.5,15332.69,appwise_master.ods
2024-05-01,IDBI Bank Apps,0.07,27.32,appwise_master.ods
2024-05-01,IDFC Bank Apps,6.99,1690.27,appwise_master.ods
2024-05-01,India Post Payments Bank Apps,5.67,703.81,appwise_master.ods
2024-05-01,Indian Bank Apps,1.54,319.53,appwise_master.ods
2024-05-01,Indian Overseas Bank Apps,0.12,34.43,appwise_master.ods
2024-05-01,IndusInd Bank Apps,0.35,73.84,appwise_master.ods
2024-05-01,Jammu and Kashmir Bank Apps,0.43,64.02,appwise_master.ods
2024-05-01,Jio Payments Bank Apps,2.02,170.98,appwise_master.ods
2024-05-01,Jupiter Money,6.07,769.1,appwise_master.ods
2024-05-01,Karnataka Bank Apps,0.16,30.0,appwise_master.ods
2024-05-01,Karur Vysya Bank Apps,0.05,20.63,appwise_master.ods
2024-05-01,Kiwi,0.18,36.03,appwise_master.ods
2024-05-01,Kotak Mahindra Bank Apps,43.41,6178.23,appwise_master.ods
2024-05-01,MakeMyTrip,0.04,18.12,appwise_master.ods
2024-05-01,Mobikwik,11.12,2536.09,appwise_master.ods
2024-05-01,NSDL Payments Bank Apps,0.07,12.71,appwise_master.ods
2024-05-01,Navi,29.72,958.09,appwise_master.ods
2024-05-01,Niyo Global,0.04,22.56,appwise_master.ods
2024-05-01,OmniCard,1.24,45.65,appwise_master.ods
2024-05-01,Other Apps,1.15,145.19,appwise_master.ods
2024-05-01,Paytm,1140.01,124704.79,appwise_master.ods
2024-05-01,PhonePe,6831.92,1033588.8,appwise_master.ods
2024-05-01,Punjab National Bank Apps,1.74,444.5,appwise_master.ods
2024-05-01,Punjab Sind Bank Apps,0.03,12.97,appwise_master.ods
2024-05-01,RBL Bank Apps,2.2,900.13,appwise_master.ods
2024-05-01,Samsung Pay,6.56,547.28,appwise_master.ods
2024-05-01,Shriram One,0.29,36.28,appwise_master.ods
2024-05-01,Slice,9.05,646.12,appwise_master.ods
2024-05-01,South Indian Bank Apps,0.47,141.47,appwise_master.ods
2024-05-01,Standard Chartered Bank Apps,0.16,114.4,appwise_master.ods
2024-05-01,State Bank of India Apps,7.12,2494.2,appwise_master.ods
2024-05-01,Tamilnad Mercantile Bank Apps,0.08,25.66,appwise_master.ods
2024-05-01,TataNeu,0.18,25.1,appwise_master.ods
2024-05-01,Timepay,1.61,17.59,appwise_master.ods
2024-05-01,UCO Bank Apps,0.2,65.61,appwise_master.ods
2024-05-01,Ultracash,0.09,6.19,appwise_master.ods
2024-05-01,Union Bank Apps,1.19,505.23,appwise_master.ods
2024-05-01,WhatsApp,36.45,2938.72,appwise_master.ods
2024-05-01,Yes Bank Apps,22.48,10939.53,appwise_master.ods
2024-06-01,AU Small Finance Bank Apps,0.76,227.63,appwise_master.ods
2024-06-01,Aditya Birla Capital Digital,0.07,3.45,appwise_master.ods
2024-06-01,Airtel Payments Bank Apps,15.76,1191.68,appwise_master.ods
2024-06-01,Amazon Pay,67.07,7377.3,appwise_master.ods
2024-06-01,Axis Bank Apps,14.14,3852.77,appwise_master.ods
2024-06-01,BHIM,22.72,7965.69,appwise_master.ods
2024-06-01,Bajaj Finserv,8.23,1852.43,appwise_master.ods
2024-06-01,Bank of Baroda Apps,1.03,450.62,appwise_master.ods
2024-06-01,Bank of India Apps,0.1,38.05,appwise_master.ods
2024-06-01,Bank of Maharashtra Apps,0.05,11.11,appwise_master.ods
2024-06-01,Canara Bank Apps,2.88,793.85,appwise_master.ods
2024-06-01,Central Bank of India Apps,0.83,188.63,appwise_master.ods
2024-06-01,Citi Bank Apps,0.06,70.21,appwise_master.ods
2024-06-01,City Union Bank Apps,0.08,28.66,appwise_master.ods
2024-06-01,Cred,138.42,45720.01,appwise_master.ods
2024-06-01,DBS Digibank Apps,0.49,198.19,appwise_master.ods
2024-06-01,Deutsche Bank Apps,2.25,334.1,appwise_master.ods
2024-06-01,Dhani,0.11,13.84,appwise_master.ods
2024-06-01,Digikhata,0.19,63.31,appwise_master.ods
2024-06-01,Equitas Small Finance Bank Apps,0.04,26.25,appwise_master.ods
2024-06-01,Fampay,50.78,641.36,appwise_master.ods
2024-06-01,Federal Bank Apps,5.67,790.57,appwise_master.ods
2024-06-01,Fino Payments Bank Apps,0.41,55.79,appwise_master.ods
2024-06-01,Flipkart UPI,5.97,337.24,appwise_master.ods
2024-06-01,Google Pay,5103.99,707241.27,appwise_master.ods
2024-06-01,Groww,11.26,9094.72,appwise_master.ods
2024-06-01,HDFC Bank Apps,34.57,8166.94,appwise_master.ods
2024-06-01,HSBC Bank Apps,0.4,148.04,appwise_master.ods
2024-06-01,ICICI Bank Apps,38.25,16692.52,appwise_master.ods
2024-06-01,IDBI Bank Apps,0.07,27.06,appwise_master.ods
2024-06-01,IDFC Bank Apps,7.33,1654.91,appwise_master.ods
2024-06-01,India Post Payments Bank Apps,6.01,732.1,appwise_master.ods
2024-06-01,Indian Bank Apps,1.73,330.29,appwise_master.ods
2024-06-01,Indian Overseas Bank Apps,0.13,37.62,appwise_master.ods
2024-06-01,IndusInd Bank Apps,0.42,115.96,appwise_master.ods
2024-06-01,Jammu and Kashmir Bank Apps,0.75,97.58,appwise_master.ods
2024-06-01,Jio Payments Bank Apps,2.33,186.62,appwise_master.ods
2024-06-01,Jupiter Money,5.63,750.68,appwise_master.ods
2024-06-01,Karnataka Bank Apps,0.18,33.54,appwise_master.ods
2024-06-01,Karur Vysya Bank Apps,0.05,18.73,appwise_master.ods
2024-06-01,Kiwi,0.15,31.43,appwise_master.ods
2024-06-01,Kotak Mahindra Bank Apps,42.65,6073.08,appwise_master.ods
2024-06-01,Mobikwik,11.59,2564.79,appwise_master.ods
2024-06-01,NSDL Payments Bank Apps,0.06,10.09,appwise_master.ods
2024-06-01,Navi,35.72,1769.66,appwise_master.ods
2024-06-01,Niyo Global,0.05,24.78,appwise_master.ods
2024-06-01,OmniCard,1.28,53.41,appwise_master.ods
2024-06-01,Other Apps,1.41,180.43,appwise_master.ods
2024-06-01,Paytm,1104.89,120840.45,appwise_master.ods
2024-06-01,PhonePe,6716.09,1009064.99,appwise_master.ods
2024-06-01,Pop Club,0.07,4.87,appwise_master.ods
2024-06-01,Punjab National Bank Apps,1.8,472.48,appwise_master.ods
2024-06-01,Punjab Sind Bank Apps,0.03,12.38,appwise_master.ods
2024-06-01,RBL Bank Apps,1.66,733.04,appwise_master.ods
2024-06-01,Samsung Pay,6.38,542.12,appwise_master.ods
2024-06-01,Shriram One,0.28,37.04,appwise_master.ods
2024-06-01,Slice,7.86,634.47,appwise_master.ods
2024-06-01,South Indian Bank Apps,0.49,144.78,appwise_master.ods
2024-06-01,Standard Chartered Bank Apps,0.17,117.31,appwise_master.ods
2024-06-01,State Bank of India Apps,7.22,2426.08,appwise_master.ods
2024-06-01,Suryoday Bank Apps,0.14,0.02,appwise_master.ods
2024-06-01,Tamilnad Mercantile Bank Apps,0.08,26.21,appwise_master.ods
2024-06-01,TataNeu,0.16,23.31,appwise_master.ods
2024-06-01,Timepay,1.82,20.11,appwise_master.ods
2024-06-01,UCO Bank Apps,0.22,67.4,appwise_master.ods
2024-06-01,Ultracash,0.09,6.51,appwise_master.ods
2024-06-01,Union Bank Apps,1.06,461.02,appwise_master.ods
2024-06-01,WhatsApp,37.18,2923.79,appwise_master.ods
2024-06-01,Yes Bank Apps,22.28,9285.69,appwise_master.ods
2024-06-01,super.money,0.13,5.04,appwise_master.ods
2024-07-01,AU Small Finance Bank Apps,0.66,202.05,appwise_master.ods
2024-07-01,Aditya Birla Capital Digital Limited,0.08,3.7,appwise_master.ods
2024-07-01,Airtel Payments Bank Apps,16.63,1210.03,appwise_master.ods
2024-07-01,Allahabad Bank Apps,0.02,5.19,appwise_master.ods
2024-07-01,Amazon Pay,72.41,7995.92,appwise_master.ods
2024-07-01,Axis Bank Apps,15.45,3943.51,appwise_master.ods
2024-07-01,BHIM,24.64,8756.73,appwise_master.ods
2024-07-01,Bajaj Finserv,9.9,2309.58,appwise_master.ods
2024-07-01,Bank of Baroda Apps,1.07,477.6,appwise_master.ods
2024-07-01,Bank of India Apps,0.08,20.12,appwise_master.ods
2024-07-01,Bank of Maharashtra Apps,0.06,13.25,appwise_master.ods
2024-07-01,Canara Bank Apps,3.04,834.74,appwise_master.ods
2024-07-01,Central Bank of India Apps,0.83,180.98,appwise_master.ods
2024-07-01,Citi Bank Apps,0.06,33.95,appwise_master.ods
2024-07-01,City Union Bank Apps,0.08,28.82,appwise_master.ods
2024-07-01,Cred,142.56,48998.89,appwise_master.ods
2024-07-01,DBS Digibank Apps,0.52,205.42,appwise_master.ods
2024-07-01,Deutsche Bank Apps,2.43,344.47,appwise_master.ods
2024-07-01,Dhani,0.11,15.91,appwise_master.ods
2024-07-01,Digikhata,0.26,83.11,appwise_master.ods
2024-07-01,Equitas Small Finance Bank Apps,0.04,28.2,appwise_master.ods
2024-07-01,Fampay,52.04,639.44,appwise_master.ods
2024-07-01,Federal Bank Apps,8.63,1309.35,appwise_master.ods
2024-07-01,Fino Payments Bank Apps,0.44,58.11,appwise_master.ods
2024-07-01,Flipkart UPI,7.12,422.36,appwise_master.ods
2024-07-01,Google Pay,5341.23,735159.2,appwise_master.ods
2024-07-01,Groww,15.18,12129.34,appwise_master.ods
2024-07-01,HDFC Bank Apps,35.25,8747.15,appwise_master.ods
2024-07-01,HSBC Bank Apps,0.44,152.09,appwise_master.ods
2024-07-01,ICICI Bank Apps,42.13,17883.79,appwise_master.ods
2024-07-01,IDBI Bank Apps,0.08,32.92,appwise_master.ods
2024-07-01,IDFC Bank Apps,7.63,1725.98,appwise_master.ods
2024-07-01,India Post Payments Bank Apps,6.43,826.31,appwise_master.ods
2024-07-01,Indian Bank Apps,1.95,342.38,appwise_master.ods
2024-07-01,Indian Overseas Bank Apps,0.15,45.13,appwise_master.ods
2024-07-01,IndusInd Bank Apps,0.37,99.64,appwise_master.ods
2024-07-01,Jammu and Kashmir Bank Apps,0.87,111.92,appwise_master.ods
2024-07-01,Jio Payments Bank Apps,2.53,199.65,appwise_master.ods
2024-07-01,Jupiter Money,5.76,781.04,appwise_master.ods
2024-07-01,Karnataka Bank Apps,0.19,39.14,appwise_master.ods
2024-07-01,Karur Vysya Bank Apps,0.06,20.69,appwise_master.ods
2024-07-01,Kiwi,0.15,30.35,appwise_master.ods
2024-07-01,Kotak Mahindra Bank Apps,44.8,6488.28,appwise_master.ods
2024-07-01,Mobikwik,9.11,2431.73,appwise_master.ods
2024-07-01,NSDL Payments Bank Apps,0.07,10.63,appwise_master.ods
2024-07-01,Navi,68.47,3574.61,appwise_master.ods
2024-07-01,Niyo Global,0.06,28.59,appwise_master.ods
2024-07-01,OmniCard,1.2,54.57,appwise_master.ods
2024-07-01,Other Apps,1.34,191.87,appwise_master.ods
2024-07-01,POP UPI,0.45,34.71,appwise_master.ods
2024-07-01,Paytm,1128.97,123467.32,appwise_master.ods
2024-07-01,PhonePe,6983.97,1028799.39,appwise_master.ods
2024-07-01,Punjab National Bank Apps,2.15,563.99,appwise_master.ods
2024-07-01,Punjab Sind Bank Apps,0.03,14.96,appwise_master.ods
2024-07-01,RBL Bank Apps,1.41,336.63,appwise_master.ods
2024-07-01,Rapipay,0.04,5.95,appwise_master.ods
2024-07-01,Samsung Pay,6.6,558.51,appwise_master.ods
2024-07-01,Shriram One,0.3,35.64,appwise_master.ods
2024-07-01,Slice,9.41,708.27,appwise_master.ods
2024-07-01,South Indian Bank Apps,0.56,159.32,appwise_master.ods
2024-07-01,Standard Chartered Bank Apps,0.17,116.68,appwise_master.ods
2024-07-01,State Bank of India Apps,8.06,2691.74,appwise_master.ods
2024-07-01,Suryoday Bank Apps,0.13,0.03,appwise_master.ods
2024-07-01,Tamilnad Mercantile Bank Apps,0.08,24.19,appwise_master.ods
2024-07-01,TataNeu,0.17,26.16,appwise_master.ods
2024-07-01,Timepay,2.16,20.43,appwise_master.ods
2024-07-01,UCO Bank Apps,0.24,69.95,appwise_master.ods
2024-07-01,Ultracash,0.1,7.35,appwise_master.ods
2024-07-01,Union Bank Apps,1.28,530.92,appwise_master.ods
2024-07-01,WhatsApp,41.39,3215.18,appwise_master.ods
2024-07-01,Yes Bank Apps,23.81,9556.22,appwise_master.ods
2024-07-01,super.money,2.5,75.7,appwise_master.ods
2024-08-01,AU Small Finance Bank Apps,0.53,155.57,appwise_master.ods
2024-08-01,Aditya Birla Capital Digital,0.51,16.36,appwise_master.ods
2024-08-01,Airtel Payments Bank Apps,17.56,1221.85,appwise_master.ods
2024-08-01,Allahabad Bank Apps,0.02,5.13,appwise_master.ods
2024-08-01,Amazon Pay,70.72,7744.21,appwise_master.ods
2024-08-01,Axis Bank Apps,18.05,4189.44,appwise_master.ods
2024-08-01,BHIM,25.94,8363.28,appwise_master.ods
2024-08-01,Bajaj Finserv,11.01,2639.91,appwise_master.ods
2024-08-01,Bank of Baroda Apps,1.13,449.45,appwise_master.ods
2024-08-01,Bank of India Apps,0.11,28.04,appwise_master.ods
2024-08-01,Canara Bank Apps,3.1,810.75,appwise_master.ods
2024-08-01,Central Bank of India Apps,0.85,173.27,appwise_master.ods
2024-08-01,City Union Bank Apps,0.08,29.36,appwise_master.ods
2024-08-01,Cred,147.48,50720.89,appwise_master.ods
2024-08-01,DBS Digibank Apps,0.52,198.88,appwise_master.ods
2024-08-01,Deutsche Bank Apps,3.73,369.37,appwise_master.ods
2024-08-01,Dhani,0.12,15.89,appwise_master.ods
2024-08-01,Digikhata,0.33,110.14,appwise_master.ods
2024-08-01,Equitas Small Finance Bank Apps,0.04,26.4,appwise_master.ods
2024-08-01,Fampay,57.16,686.06,appwise_master.ods
2024-08-01,Federal Bank Apps,6.25,901.05,appwise_master.ods
2024-08-01,Fino Payments Bank Apps,0.46,54.37,appwise_master.ods
2024-08-01,Flipkart UPI,8.6,468.99,appwise_master.ods
2024-08-01,Google Pay,5592.45,742223.07,appwise_master.ods
2024-08-01,Groww,13.65,9693.95,appwise_master.ods
2024-08-01,HDFC Bank Apps,35.74,8834.38,appwise_master.ods
2024-08-01,HSBC Bank Apps,0.49,168.5,appwise_master.ods
2024-08-01,ICICI Bank Apps,48.59,18120.13,appwise_master.ods
2024-08-01,IDBI Bank Apps,0.09,33.76,appwise_master.ods
2024-08-01,IDFC Bank Apps,8.01,1768.92,appwise_master.ods
2024-08-01,India Post Payments Bank Apps,7.04,906.0,appwise_master.ods
2024-08-01,Indian Bank Apps,2.26,373.47,appwise_master.ods
2024-08-01,Indian Overseas Bank Apps,0.17,46.55,appwise_master.ods
2024-08-01,IndusInd Bank Apps,0.37,99.26,appwise_master.ods
2024-08-01,Jammu and Kashmir Bank Apps,0.93,122.73,appwise_master.ods
2024-08-01,Jio Payments Bank Apps,2.62,201.6,appwise_master.ods
2024-08-01,Jupiter Money,6.04,807.39,appwise_master.ods
2024-08-01,Karnataka Bank Apps,0.19,39.14,appwise_master.ods
2024-08-01,Karur Vysya Bank Apps,0.06,21.0,appwise_master.ods
2024-08-01,Kiwi,0.29,37.8,appwise_master.ods
2024-08-01,Kotak Mahindra Bank Apps,46.94,6349.0,appwise_master.ods
2024-08-01,Mobikwik,14.94,3012.52,appwise_master.ods
2024-08-01,NSDL Payments Bank Apps,0.08,11.72,appwise_master.ods
2024-08-01,Navi,88.71,4651.32,appwise_master.ods
2024-08-01,Niyo Global,0.08,40.29,appwise_master.ods
2024-08-01,OmniCard,1.21,61.66,appwise_master.ods
2024-08-01,Other Apps,1.66,226.14,appwise_master.ods
2024-08-01,Paytm,1078.9,113672.16,appwise_master.ods
2024-08-01,PhonePe,7236.49,1033264.34,appwise_master.ods
2024-08-01,Pop Club,0.77,72.62,appwise_master.ods
2024-08-01,Punjab National Bank Apps,2.57,595.26,appwise_master.ods
2024-08-01,Punjab Sind Bank Apps,0.03,13.83,appwise_master.ods
2024-08-01,RBL Bank Apps,1.53,548.79,appwise_master.ods
2024-08-01,Rapipay,0.06,9.04,appwise_master.ods
2024-08-01,Samsung Pay,7.14,567.24,appwise_master.ods
2024-08-01,Shriram One,0.33,37.87,appwise_master.ods
2024-08-01,Slice,10.53,775.67,appwise_master.ods
2024-08-01,South Indian Bank Apps,0.62,168.87,appwise_master.ods
2024-08-01,Standard Chartered Bank Apps,0.18,116.65,appwise_master.ods
2024-08-01,State Bank of India Apps,9.0,2827.84,appwise_master.ods
2024-08-01,Suryoday Bank Apps,0.21,0.02,appwise_master.ods
2024-08-01,Tamilnad Mercantile Bank Apps,0.08,24.17,appwise_master.ods
2024-08-01,TataNeu,0.18,28.51,appwise_master.ods
2024-08-01,Timepay,1.29,12.89,appwise_master.ods
2024-08-01,UCO Bank Apps,0.24,53.95,appwise_master.ods
2024-08-01,Ultracash,0.12,8.68,appwise_master.ods
2024-08-01,Union Bank Apps,1.27,468.83,appwise_master.ods
2024-08-01,WhatsApp,45.43,3421.99,appwise_master.ods
2024-08-01,Yes Bank Apps,25.94,9692.56,appwise_master.ods
2024-08-01,super.money,11.63,385.77,appwise_master.ods
2024-10-01,AU Small Finance Bank Apps,0.49,146.98,appwise_master.ods
2024-10-01,Aditya Birla Capital Digital,0.97,37.97,appwise_master.ods
2024-10-01,Airtel Payments Bank Apps,20.03,1504.27,appwise_master.ods
2024-10-01,Amazon Pay,79.55,9205.72,appwise_master.ods
2024-10-01,Axis Bank Apps,21.97,4527.19,appwise_master.ods
2024-10-01,BHIM,29.9,10170.6,appwise_master.ods
2024-10-01,Bajaj Finserv,10.66,2330.26,appwise_master.ods
2024-10-01,Bank of Baroda Apps,1.16,499.63,appwise_master.ods
2024-10-01,Bank of India Apps,0.2,45.85,appwise_master.ods
2024-10-01,Bharat Pe,0.05,7.27,appwise_master.ods
2024-10-01,Canara Bank Apps,3.27,898.89,appwise_master.ods
2024-10-01,Central Bank of India Apps,1.11,219.02,appwise_master.ods
2024-10-01,Cheq,0.02,1.62,appwise_master.ods
2024-10-01,City Union Bank Apps,0.08,29.97,appwise_master.ods
2024-10-01,Cred,152.28,55202.12,appwise_master.ods
2024-10-01,DBS Digibank Apps,0.61,213.96,appwise_master.ods
2024-10-01,Deutsche Bank Apps,2.58,395.26,appwise_master.ods
2024-10-01,Dhani,0.13,14.62,appwise_master.ods
2024-10-01,Digikhata,0.46,166.18,appwise_master.ods
2024-10-01,ESAF Small Finance Bank Apps,0.06,8.57,appwise_master.ods
2024-10-01,Equitas Small Finance Bank Apps,0.04,29.7,appwise_master.ods
2024-10-01,Fampay,69.9,825.19,appwise_master.ods
2024-10-01,Federal Bank Apps,2.96,542.57,appwise_master.ods
2024-10-01,Fi Money,3.44,421.4,appwise_master.ods
2024-10-01,Fino Payments Bank Apps,0.58,70.11,appwise_master.ods
2024-10-01,Flipkart UPI,14.62,825.95,appwise_master.ods
2024-10-01,Freo,0.05,2.7,appwise_master.ods
2024-10-01,Google Pay,6201.81,849327.38,appwise_master.ods
2024-10-01,Groww,15.35,11862.09,appwise_master.ods
2024-10-01,HDFC Bank Apps,39.13,10426.92,appwise_master.ods
2024-10-01,HSBC Bank Apps,0.68,179.22,appwise_master.ods
2024-10-01,ICICI Bank Apps,54.77,20505.95,appwise_master.ods
2024-10-01,IDBI Bank Apps,0.08,29.72,appwise_master.ods
2024-10-01,IDFC Bank Apps,9.32,2162.46,appwise_master.ods
2024-10-01,India Post Payments Bank Apps,10.11,1507.56,appwise_master.ods
2024-10-01,Indian Bank Apps,3.11,513.43,appwise_master.ods
2024-10-01,Indian Overseas Bank Apps,0.2,56.07,appwise_master.ods
2024-10-01,IndusInd Bank Apps,0.36,91.48,appwise_master.ods
2024-10-01,Jammu and Kashmir Bank Apps,0.83,144.0,appwise_master.ods
2024-10-01,Jio Payments Bank Apps,3.23,269.69,appwise_master.ods
2024-10-01,Jupiter Money,6.36,873.89,appwise_master.ods
2024-10-01,Karnataka Bank Apps,0.16,34.88,appwise_master.ods
2024-10-01,Karur Vysya Bank Apps,0.05,18.4,appwise_master.ods
2024-10-01,Kiwi,0.41,66.74,appwise_master.ods
2024-10-01,Kotak Mahindra Bank Apps,51.92,7565.22,appwise_master.ods
2024-10-01,Mobikwik,17.2,2995.42,appwise_master.ods
2024-10-01,NSDL Payments Bank Apps,0.09,12.1,appwise_master.ods
2024-10-01,Navi,157.51,8841.9,appwise_master.ods
2024-10-01,Niyo Global,0.1,55.57,appwise_master.ods
2024-10-01,OmniCard,1.49,96.52,appwise_master.ods
2024-10-01,One Card,0.29,261.08,appwise_master.ods
2024-10-01,Other Apps,1.63,219.31,appwise_master.ods
2024-10-01,POP UPI,2.93,209.84,appwise_master.ods
2024-10-01,Paytm,1165.01,129584.98,appwise_master.ods
2024-10-01,PhonePe,7905.54,1169290.03,appwise_master.ods
2024-10-01,Punjab National Bank Apps,3.31,785.24,appwise_master.ods
2024-10-01,Punjab Sind Bank Apps,0.03,16.46,appwise_master.ods
2024-10-01,RBL Bank Apps,2.85,718.17,appwise_master.ods
2024-10-01,Rapipay,0.08,11.38,appwise_master.ods
2024-10-01,Salary Se,0.07,3.95,appwise_master.ods
2024-10-01,Samsung Pay,8.56,664.7,appwise_master.ods
2024-10-01,Shriram One,0.47,47.25,appwise_master.ods
2024-10-01,Slice,12.19,907.37,appwise_master.ods
2024-10-01,South Indian Bank Apps,0.61,179.8,appwise_master.ods
2024-10-01,Standard Chartered Bank Apps,0.2,131.76,appwise_master.ods
2024-10-01,State Bank of India Apps,11.73,3527.88,appwise_master.ods
2024-10-01,Suryoday Bank Apps,0.26,0.05,appwise_master.ods
2024-10-01,Tamilnad Mercantile Bank Apps,0.07,24.55,appwise_master.ods
2024-10-01,TataNeu,0.31,74.8,appwise_master.ods
2024-10-01,Timepay,2.15,18.6,appwise_master.ods
2024-10-01,True Balance,0.13,16.51,appwise_master.ods
2024-10-01,UCO Bank Apps,0.31,77.02,appwise_master.ods
2024-10-01,Ultracash,0.09,5.94,appwise_master.ods
2024-10-01,Union Bank Apps,0.8,282.02,appwise_master.ods
2024-10-01,WhatsApp,55.07,4137.17,appwise_master.ods
2024-10-01,Yes Bank Apps,36.37,10230.68,appwise_master.ods
2024-10-01,super.money,49.68,2167.86,appwise_master.ods
2024-11-01,AU Small Finance Bank Apps,0.45,134.47,appwise_master.ods
2024-11-01,Aditya Birla Capital Digital,0.66,30.09,appwise_master.ods
2024-11-01,Airtel Payments Bank Apps,18.6,1389.67,appwise_master.ods
2024-11-01,Amazon Pay,71.6,7914.87,appwise_master.ods
2024-11-01,Axis Bank Apps,22.2,4151.71,appwise_master.ods
2024-11-01,BHIM,27.05,8210.65,appwise_master.ods
2024-11-01,Bajaj Finserv,8.1,1584.15,appwise_master.ods
2024-11-01,Bank of Baroda Apps,1.01,389.1,appwise_master.ods
2024-11-01,Bank of India Apps,0.2,55.8,appwise_master.ods
2024-11-01,Bharat Pe,0.07,8.29,appwise_master.ods
2024-11-01,Canara Bank Apps,3.01,802.16,appwise_master.ods
2024-11-01,Central Bank of India Apps,1.06,197.17,appwise_master.ods
2024-11-01,Cheq,0.03,1.84,appwise_master.ods
2024-11-01,City Union Bank Apps,0.07,26.24,appwise_master.ods
2024-11-01,Cred,138.24,50560.48,appwise_master.ods
2024-11-01,DBS Digibank Apps,0.57,190.59,appwise_master.ods
2024-11-01,Deutsche Bank Apps,2.68,400.97,appwise_master.ods
2024-11-01,Dhani,0.13,13.25,appwise_master.ods
2024-11-01,Digikhata,0.46,156.43,appwise_master.ods
2024-11-01,ESAF Small Finance Bank Apps,0.12,14.69,appwise_master.ods
2024-11-01,Equitas Small Finance Bank Apps,0.03,25.69,appwise_master.ods
2024-11-01,Fampay,67.41,777.46,appwise_master.ods
2024-11-01,Federal Bank Apps,3.36,578.23,appwise_master.ods
2024-11-01,Fi Money,3.07,373.29,appwise_master.ods
2024-11-01,Fino Payments Bank Apps,0.51,64.81,appwise_master.ods
2024-11-01,Flipkart UPI,13.25,636.91,appwise_master.ods
2024-11-01,Freo,0.03,1.8,appwise_master.ods
2024-11-01,Genwise,0.06,22.84,appwise_master.ods
2024-11-01,Google Pay,5739.12,764639.66,appwise_master.ods
2024-11-01,Groww,13.22,8479.87,appwise_master.ods
2024-11-01,HDFC Bank Apps,36.67,10416.41,appwise_master.ods
2024-11-01,HSBC Bank Apps,0.68,176.26,appwise_master.ods
2024-11-01,ICICI Bank Apps,51.13,18538.92,appwise_master.ods
2024-11-01,IDBI Bank Apps,0.08,30.01,appwise_master.ods
2024-11-01,IDFC Bank Apps,8.59,1931.32,appwise_master.ods
2024-11-01,India Post Payments Bank Apps,8.91,1131.95,appwise_master.ods
2024-11-01,Indian Bank Apps,2.19,410.19,appwise_master.ods
2024-11-01,Indian Overseas Bank Apps,0.18,49.21,appwise_master.ods
2024-11-01,IndusInd Bank Apps,0.35,90.83,appwise_master.ods
2024-11-01,Jammu and Kashmir Bank Apps,0.79,135.44,appwise_master.ods
2024-11-01,Jio Payments Bank Apps,3.18,263.81,appwise_master.ods
2024-11-01,Jupiter Money,6.02,825.36,appwise_master.ods
2024-11-01,Karnataka Bank Apps,0.18,38.31,appwise_master.ods
2024-11-01,Karur Vysya Bank Apps,0.05,17.82,appwise_master.ods
2024-11-01,Kiwi,0.69,106.42,appwise_master.ods
2024-11-01,Kotak Mahindra Bank Apps,47.35,6583.09,appwise_master.ods
2024-11-01,Kredit Pe,0.02,2.67,appwise_master.ods
2024-11-01,Mobikwik,16.63,2942.38,appwise_master.ods
2024-11-01,Money View,0.02,2.77,appwise_master.ods
2024-11-01,NSDL Payments Bank Apps,0.08,9.73,appwise_master.ods
2024-11-01,Navi,152.95,8806.45,appwise_master.ods
2024-11-01,Niyo Global,0.09,52.41,appwise_master.ods
2024-11-01,OmniCard,1.35,100.86,appwise_master.ods
2024-11-01,One Card,0.36,356.22,appwise_master.ods
2024-11-01,Other Apps,1.52,219.56,appwise_master.ods
2024-11-01,POP UPI,4.0,267.15,appwise_master.ods
2024-11-01,Paytm,1075.09,118004.06,appwise_master.ods
2024-11-01,PhonePe,7401.93,1088635.03,appwise_master.ods
2024-11-01,Punjab National Bank Apps,3.31,753.1,appwise_master.ods
2024-11-01,Punjab Sind Bank Apps,0.02,10.76,appwise_master.ods
2024-11-01,RBL Bank Apps,4.99,908.57,appwise_master.ods
2024-11-01,Rapipay,0.09,11.7,appwise_master.ods
2024-11-01,Salary Se,0.07,3.75,appwise_master.ods
2024-11-01,Samsung Pay,7.9,578.99,appwise_master.ods
2024-11-01,Shriram One,0.38,39.72,appwise_master.ods
2024-11-01,Slice,11.54,845.13,appwise_master.ods
2024-11-01,South Indian Bank Apps,0.59,167.92,appwise_master.ods
2024-11-01,Spice Money,0.02,2.73,appwise_master.ods
2024-11-01,Standard Chartered Bank Apps,0.18,114.58,appwise_master.ods
2024-11-01,State Bank of India Apps,10.46,3035.13,appwise_master.ods
2024-11-01,Suryoday Bank Apps,0.08,0.22,appwise_master.ods
2024-11-01,Tamilnad Mercantile Bank Apps,0.07,23.33,appwise_master.ods
2024-11-01,TataNeu,0.3,78.83,appwise_master.ods
2024-11-01,Timepay,1.72,19.88,appwise_master.ods
2024-11-01,True Balance,0.29,33.18,appwise_master.ods
2024-11-01,UCO Bank Apps,0.28,66.32,appwise_master.ods
2024-11-01,Ultracash,0.08,5.71,appwise_master.ods
2024-11-01,Union Bank Apps,0.73,238.56,appwise_master.ods
2024-11-01,WhatsApp,51.76,3890.1,appwise_master.ods
2024-11-01,Yes Bank Apps,35.35,9201.05,appwise_master.ods
2024-11-01,super.money,78.49,3130.1,appwise_master.ods
2024-12-01,AU Small Finance Bank Apps,0.49,151.24,appwise_master.ods
2024-12-01,Aditya Birla Capital Digital,0.83,37.24,appwise_master.ods
2024-12-01,Airtel Payments Bank Apps,20.29,1497.28,appwise_master.ods
2024-12-01,Amazon Pay,91.94,9330.97,appwise_master.ods
2024-12-01,Axis Bank Apps,21.96,4515.13,appwise_master.ods
2024-12-01,BHIM,30.22,9170.75,appwise_master.ods
2024-12-01,Bajaj Finserv,8.55,1652.53,appwise_master.ods
2024-12-01,Bank of Baroda Apps,1.12,431.5,appwise_master.ods
2024-12-01,Bank of India Apps,0.22,68.38,appwise_master.ods
2024-12-01,Bank of Maharashtra Apps,0.04,12.79,appwise_master.ods
2024-12-01,Bharat Pe,0.11,13.25,appwise_master.ods
2024-12-01,Canara Bank Apps,3.2,848.14,appwise_master.ods
2024-12-01,Central Bank of India Apps,1.25,221.54,appwise_master.ods
2024-12-01,Cheq,0.03,2.43,appwise_master.ods
2024-12-01,City Union Bank Apps,0.08,28.56,appwise_master.ods
2024-12-01,Cred,143.07,50979.94,appwise_master.ods
2024-12-01,DBS Digibank Apps,1.06,218.5,appwise_master.ods
2024-12-01,Deutsche Bank Apps,3.37,296.77,appwise_master.ods
2024-12-01,Dhani,0.14,12.18,appwise_master.ods
2024-12-01,Digikhata,0.56,170.77,appwise_master.ods
2024-12-01,ESAF Small Finance Bank Apps,0.19,20.5,appwise_master.ods
2024-12-01,Equitas Small Finance Bank Apps,0.04,28.67,appwise_master.ods
2024-12-01,Fampay,75.74,870.68,appwise_master.ods
2024-12-01,Federal Bank Apps,3.94,673.09,appwise_master.ods
2024-12-01,Fi Money,3.32,412.1,appwise_master.ods
2024-12-01,Fino Payments Bank Apps,0.55,72.04,appwise_master.ods
2024-12-01,Flipkart UPI,12.75,606.35,appwise_master.ods
2024-12-01,Freo,0.02,1.72,appwise_master.ods
2024-12-01,Genwise,0.03,31.68,appwise_master.ods
2024-12-01,Google Pay,6140.47,822598.36,appwise_master.ods
2024-12-01,Groww,13.78,9341.27,appwise_master.ods
2024-12-01,HDFC Bank Apps,41.47,12525.39,appwise_master.ods
2024-12-01,HSBC Bank Apps,0.73,194.81,appwise_master.ods
2024-12-01,ICICI Bank Apps,59.52,19670.88,appwise_master.ods
2024-12-01,IDBI Bank Apps,0.1,35.31,appwise_master.ods
2024-12-01,IDFC Bank Apps,9.27,2103.11,appwise_master.ods
2024-12-01,Ind Money,0.08,28.5,appwise_master.ods
2024-12-01,India Post Payments Bank Apps,10.76,1337.1,appwise_master.ods
2024-12-01,Indian Bank Apps,2.21,435.17,appwise_master.ods
2024-12-01,Indian Overseas Bank Apps,0.23,59.7,appwise_master.ods
2024-12-01,IndusInd Bank Apps,0.34,85.71,appwise_master.ods
2024-12-01,Jammu and Kashmir Bank Apps,1.13,169.43,appwise_master.ods
2024-12-01,Jio Payments Bank Apps,3.46,287.81,appwise_master.ods
2024-12-01,Jupiter Money,6.41,910.03,appwise_master.ods
2024-12-01,Karnataka Bank Apps,0.22,47.38,appwise_master.ods
2024-12-01,Karur Vysya Bank Apps,0.07,24.98,appwise_master.ods
2024-12-01,Kiwi,0.81,134.02,appwise_master.ods
2024-12-01,Kotak Mahindra Bank Apps,52.06,7286.24,appwise_master.ods
2024-12-01,Kredit Pe,0.05,6.27,appwise_master.ods
2024-12-01,Mobikwik,20.26,3478.58,appwise_master.ods
2024-12-01,Money View,0.06,4.42,appwise_master.ods
2024-12-01,NSDL Payments Bank Apps,0.07,8.36,appwise_master.ods
2024-12-01,Navi,202.53,11317.09,appwise_master.ods
2024-12-01,Niyo Global,0.1,56.0,appwise_master.ods
2024-12-01,OmniCard,1.45,85.46,appwise_master.ods
2024-12-01,One Card,0.5,549.1,appwise_master.ods
2024-12-01,Other Apps,3.23,483.55,appwise_master.ods
2024-12-01,POP UPI,6.2,391.63,appwise_master.ods
2024-12-01,Paytm,1150.96,125739.66,appwise_master.ods
2024-12-01,PhonePe,7984.05,1176300.32,appwise_master.ods
2024-12-01,Punjab National Bank Apps,3.32,792.81,appwise_master.ods
2024-12-01,Punjab Sind Bank Apps,0.02,7.78,appwise_master.ods
2024-12-01,RBL Bank Apps,8.29,1504.8,appwise_master.ods
2024-12-01,Rapipay,0.1,12.52,appwise_master.ods
2024-12-01,Salary Se,0.1,4.8,appwise_master.ods
2024-12-01,Samsung Pay,8.59,614.74,appwise_master.ods
2024-12-01,Shriram One,0.61,57.11,appwise_master.ods
2024-12-01,Slice,12.06,882.04,appwise_master.ods
2024-12-01,South Indian Bank Apps,0.63,181.57,appwise_master.ods
2024-12-01,Spice Money,0.06,5.97,appwise_master.ods
2024-12-01,Standard Chartered Bank Apps,0.2,123.15,appwise_master.ods
2024-12-01,State Bank of India Apps,12.05,3411.38,appwise_master.ods
2024-12-01,Suryoday Bank Apps,0.88,85.71,appwise_master.ods
2024-12-01,Tamilnad Mercantile Bank Apps,0.08,25.95,appwise_master.ods
2024-12-01,TataNeu,0.3,81.2,appwise_master.ods
2024-12-01,Timepay,1.01,13.49,appwise_master.ods
2024-12-01,True Balance,0.41,21.49,appwise_master.ods
2024-12-01,UCO Bank Apps,0.32,76.33,appwise_master.ods
2024-12-01,Ultracash,0.09,6.16,appwise_master.ods
2024-12-01,Union Bank Apps,0.76,255.63,appwise_master.ods
2024-12-01,WhatsApp,57.85,4348.19,appwise_master.ods
2024-12-01,Yes Bank Apps,40.63,9201.8,appwise_master.ods
2024-12-01,super.money,101.81,3866.39,appwise_master.ods
2025-01-01,AU Small Finance Bank Apps,0.5,154.34,appwise_master.ods
2025-01-01,Aditya Birla Capital Digital,0.93,39.03,appwise_master.ods
2025-01-01,Airtel Payments Bank Apps,20.96,1498.77,appwise_master.ods
2025-01-01,Amazon Pay,99.95,9843.47,appwise_master.ods
2025-01-01,Axis Bank Apps,18.9,4804.76,appwise_master.ods
2025-01-01,BHIM,33.88,9333.77,appwise_master.ods
2025-01-01,Bajaj Finserv,8.19,1649.36,appwise_master.ods
2025-01-01,Bank of Baroda Apps,1.23,442.03,appwise_master.ods
2025-01-01,Bank of India Apps,0.24,78.25,appwise_master.ods
2025-01-01,Bank of Maharashtra Apps,0.04,15.22,appwise_master.ods
2025-01-01,Bharat Pe,0.21,19.64,appwise_master.ods
2025-01-01,Canara Bank Apps,3.36,884.57,appwise_master.ods
2025-01-01,Central Bank of India Apps,1.34,237.42,appwise_master.ods
2025-01-01,Cheq,0.03,2.39,appwise_master.ods
2025-01-01,City Union Bank Apps,0.08,29.52,appwise_master.ods
2025-01-01,Cred,137.44,49482.95,appwise_master.ods
2025-01-01,DBS Digibank Apps,1.12,224.4,appwise_master.ods
2025-01-01,Deutsche Bank Apps,3.31,322.65,appwise_master.ods
2025-01-01,Dhani,0.15,7.72,appwise_master.ods
2025-01-01,Digikhata,0.64,194.07,appwise_master.ods
2025-01-01,ESAF Small Finance Bank Apps,0.24,26.7,appwise_master.ods
2025-01-01,Equitas Small Finance Bank Apps,0.04,28.47,appwise_master.ods
2025-01-01,Fampay,79.01,896.25,appwise_master.ods
2025-01-01,Federal Bank Apps,4.3,744.89,appwise_master.ods
2025-01-01,Fi Money,3.25,401.64,appwise_master.ods
2025-01-01,Fino Payments Bank Apps,0.59,78.97,appwise_master.ods
2025-01-01,Flipkart UPI,7.58,393.64,appwise_master.ods
2025-01-01,Freo,0.02,1.55,appwise_master.ods
2025-01-01,Genwise,0.05,29.81,appwise_master.ods
2025-01-01,Google Pay,6183.91,826845.07,appwise_master.ods
2025-01-01,Groww,15.4,11200.31,appwise_master.ods
2025-01-01,HDFC Bank Apps,40.42,11081.87,appwise_master.ods
2025-01-01,HSBC Bank Apps,0.82,201.55,appwise_master.ods
2025-01-01,ICICI Bank Apps,56.13,17185.89,appwise_master.ods
2025-01-01,IDBI Bank Apps,0.11,41.84,appwise_master.ods
2025-01-01,IDFC Bank Apps,11.77,2283.02,appwise_master.ods
2025-01-01,Ind Money,0.63,293.14,appwise_master.ods
2025-01-01,India Post Payments Bank Apps,12.57,1509.59,appwise_master.ods
2025-01-01,Indian Bank Apps,2.07,437.0,appwise_master.ods
2025-01-01,Indian Overseas Bank Apps,0.25,66.56,appwise_master.ods
2025-01-01,IndusInd Bank Apps,0.26,58.26,appwise_master.ods
2025-01-01,Jammu and Kashmir Bank Apps,1.62,212.89,appwise_master.ods
2025-01-01,Jio Payments Bank Apps,3.66,293.42,appwise_master.ods
2025-01-01,Jupiter Money,6.31,913.95,appwise_master.ods
2025-01-01,Karnataka Bank Apps,0.25,52.98,appwise_master.ods
2025-01-01,Karur Vysya Bank Apps,0.08,29.32,appwise_master.ods
2025-01-01,Kiwi,0.82,141.6,appwise_master.ods
2025-01-01,Kotak Mahindra Bank Apps,53.71,7489.75,appwise_master.ods
2025-01-01,Kredit Pe,0.09,11.04,appwise_master.ods
2025-01-01,Mobikwik,23.66,3811.43,appwise_master.ods
2025-01-01,Money View,0.12,9.77,appwise_master.ods
2025-01-01,NSDL Payments Bank Apps,0.07,8.35,appwise_master.ods
2025-01-01,Navi,242.83,13221.33,appwise_master.ods
2025-01-01,Niyo Global,0.1,48.75,appwise_master.ods
2025-01-01,OmniCard,1.49,96.0,appwise_master.ods
2025-01-01,One Card,0.7,799.37,appwise_master.ods
2025-01-01,Other Apps,8.51,1366.16,appwise_master.ods
2025-01-01,POP UPI,8.1,431.96,appwise_master.ods
2025-01-01,Paytm,1152.34,126313.45,appwise_master.ods
2025-01-01,PhonePe,8102.44,1191303.98,appwise_master.ods
2025-01-01,Punjab National Bank Apps,3.45,864.8,appwise_master.ods
2025-01-01,Punjab Sind Bank Apps,0.03,11.6,appwise_master.ods
2025-01-01,RBL Bank Apps,8.5,1411.19,appwise_master.ods
2025-01-01,Rapipay,0.11,13.96,appwise_master.ods
2025-01-01,Salary Se,0.16,7.76,appwise_master.ods
2025-01-01,Samsung Pay,8.57,608.41,appwise_master.ods
2025-01-01,Shriram One,0.6,63.97,appwise_master.ods
2025-01-01,Slice,7.88,569.95,appwise_master.ods
2025-01-01,South Indian Bank Apps,0.65,192.73,appwise_master.ods
2025-01-01,Spice Money,0.08,7.67,appwise_master.ods
2025-01-01,Standard Chartered Bank Apps,0.19,123.84,appwise_master.ods
2025-01-01,State Bank of India Apps,12.49,3515.63,appwise_master.ods
2025-01-01,Suryoday Bank Apps,1.72,320.78,appwise_master.ods
2025-01-01,Tamilnad Mercantile Bank Apps,0.08,26.96,appwise_master.ods
2025-01-01,TataNeu,0.3,89.22,appwise_master.ods
2025-01-01,Timepay,1.8,22.39,appwise_master.ods
2025-01-01,True Balance,0.23,9.01,appwise_master.ods
2025-01-01,UCO Bank Apps,0.34,85.35,appwise_master.ods
2025-01-01,Ultracash,0.09,6.74,appwise_master.ods
2025-01-01,Union Bank Apps,0.75,257.23,appwise_master.ods
2025-01-01,WhatsApp,60.99,4550.41,appwise_master.ods
2025-01-01,Yes Bank Apps,41.18,8859.55,appwise_master.ods
2025-01-01,super.money,124.83,4565.57,appwise_master.ods
2025-02-01,AU Small Finance Bank Apps,0.49,148.93,appwise_master.ods
2025-02-01,Aditya Birla Capital Digital,0.7,29.68,appwise_master.ods
2025-02-01,Airtel Payments Bank Apps,18.99,1349.2,appwise_master.ods
2025-02-01,Amazon Pay,93.31,9077.3,appwise_master.ods
2025-02-01,Axis Bank Apps,17.53,4556.21,appwise_master.ods
2025-02-01,BHIM,36.88,8475.29,appwise_master.ods
2025-02-01,Bajaj Finserv,8.39,1707.51,appwise_master.ods
2025-02-01,Bank of Baroda Apps,1.72,472.44,appwise_master.ods
2025-02-01,Bank of India Apps,0.24,75.45,appwise_master.ods
2025-02-01,Bank of Maharashtra Apps,0.02,9.03,appwise_master.ods
2025-02-01,Bharat Pe,0.62,41.42,appwise_master.ods
2025-02-01,Canara Bank Apps,3.25,837.13,appwise_master.ods
2025-02-01,Central Bank of India Apps,1.36,233.31,appwise_master.ods
2025-02-01,Cheq,0.03,2.44,appwise_master.ods
2025-02-01,City Union Bank Apps,0.08,28.98,appwise_master.ods
2025-02-01,Cred,126.48,45127.72,appwise_master.ods
2025-02-01,DBS Digibank Apps,0.99,201.32,appwise_master.ods
2025-02-01,Deutsche Bank Apps,3.12,442.59,appwise_master.ods
2025-02-01,Dhani,0.15,7.35,appwise_master.ods
2025-02-01,Digikhata,0.68,208.81,appwise_master.ods
2025-02-01,ESAF Small Finance Bank Apps,0.27,26.81,appwise_master.ods
2025-02-01,Fampay,77.08,876.12,appwise_master.ods
2025-02-01,Federal Bank Apps,4.08,715.26,appwise_master.ods
2025-02-01,Fi Money,2.99,377.32,appwise_master.ods
2025-02-01,Fino Payments Bank Apps,0.53,68.54,appwise_master.ods
2025-02-01,Flipkart UPI,4.42,238.42,appwise_master.ods
2025-02-01,Freo,0.04,2.36,appwise_master.ods
2025-02-01,Genwise,0.07,24.26,appwise_master.ods
2025-02-01,Google Pay,5836.8,771089.15,appwise_master.ods
2025-02-01,Groww,12.81,8383.73,appwise_master.ods
2025-02-01,HDFC Bank Apps,39.26,10543.2,appwise_master.ods
2025-02-01,HSBC Bank Apps,0.81,186.34,appwise_master.ods
2025-02-01,ICICI Bank Apps,52.17,12740.39,appwise_master.ods
2025-02-01,IDBI Bank Apps,0.09,32.23,appwise_master.ods
2025-02-01,IDFC Bank Apps,11.98,2158.27,appwise_master.ods
2025-02-01,Ind Money,0.78,357.98,appwise_master.ods
2025-02-01,India Post Payments Bank Apps,12.27,1463.53,appwise_master.ods
2025-02-01,Indian Bank Apps,0.61,168.69,appwise_master.ods
2025-02-01,Indian Overseas Bank Apps,0.27,67.2,appwise_master.ods
2025-02-01,IndusInd Bank Apps,1.76,307.45,appwise_master.ods
2025-02-01,Jammu and Kashmir Bank Apps,1.57,216.84,appwise_master.ods
2025-02-01,Jio Payments Bank Apps,3.66,290.56,appwise_master.ods
2025-02-01,Jupiter Money,5.95,858.34,appwise_master.ods
2025-02-01,Karnataka Bank Apps,0.23,50.92,appwise_master.ods
2025-02-01,Karur Vysya Bank Apps,0.08,28.6,appwise_master.ods
2025-02-01,Kiwi,1.01,155.81,appwise_master.ods
2025-02-01,Kotak Mahindra Bank Apps,50.53,6872.1,appwise_master.ods
2025-02-01,Kredit Pe,0.12,16.73,appwise_master.ods
2025-02-01,Mobikwik,24.19,3733.72,appwise_master.ods
2025-02-01,Money View,0.15,15.33,appwise_master.ods
2025-02-01,NSDL Payments Bank Apps,0.08,8.12,appwise_master.ods
2025-02-01,Navi,260.75,14322.97,appwise_master.ods
2025-02-01,Niyo Global,0.09,46.26,appwise_master.ods
2025-02-01,OmniCard,1.41,93.44,appwise_master.ods
2025-02-01,One Card,0.66,742.49,appwise_master.ods
2025-02-01,Other Apps,1.8,216.46,appwise_master.ods
2025-02-01,POP UPI,7.27,419.36,appwise_master.ods
2025-02-01,Paytm,1079.64,117090.29,appwise_master.ods
2025-02-01,PhonePe,7656.4,1118963.81,appwise_master.ods
2025-02-01,Punjab National Bank Apps,3.19,809.91,appwise_master.ods
2025-02-01,Punjab Sind Bank Apps,0.03,9.76,appwise_master.ods
2025-02-01,RBL Bank Apps,8.76,1408.32,appwise_master.ods
2025-02-01,Rapipay,0.12,14.62,appwise_master.ods
2025-02-01,Salary Se,0.3,15.64,appwise_master.ods
2025-02-01,Samsung Pay,8.09,576.3,appwise_master.ods
2025-02-01,Shriram One,1.16,81.1,appwise_master.ods
2025-02-01,Slice,15.31,1742.7,appwise_master.ods
2025-02-01,South Indian Bank Apps,0.62,178.11,appwise_master.ods
2025-02-01,Spice Money,0.1,9.88,appwise_master.ods
2025-02-01,Standard Chartered Bank Apps,0.2,114.04,appwise_master.ods
2025-02-01,State Bank of India Apps,11.68,3197.67,appwise_master.ods
2025-02-01,Suryoday Bank Apps,1.1,189.69,appwise_master.ods
2025-02-01,Tamilnad Mercantile Bank Apps,0.08,26.47,appwise_master.ods
2025-02-01,TataNeu,0.3,92.32,appwise_master.ods
2025-02-01,Timepay,2.19,28.77,appwise_master.ods
2025-02-01,True Balance,0.13,4.64,appwise_master.ods
2025-02-01,UCO Bank Apps,0.35,89.18,appwise_master.ods
2025-02-01,Ultracash,0.09,6.62,appwise_master.ods
2025-02-01,Union Bank Apps,0.67,225.15,appwise_master.ods
2025-02-01,WhatsApp,58.86,4349.62,appwise_master.ods
2025-02-01,Yes Bank Apps,37.4,8367.66,appwise_master.ods
2025-02-01,super.money,139.1,4812.44,appwise_master.ods
2025-03-01,AU Small Finance Bank Apps,0.59,174.06,appwise_master.ods
2025-03-01,Aditya Birla Capital Digital,0.88,39.97,appwise_master.ods
2025-03-01,Airtel Payments Bank Apps,21.63,1487.83,appwise_master.ods
2025-03-01,Amazon Pay,111.06,10606.66,appwise_master.ods
2025-03-01,Axis Bank Apps,20.26,5015.47,appwise_master.ods
2025-03-01,BHIM,46.13,9540.09,appwise_master.ods
2025-03-01,Bajaj Finserv,9.66,1892.01,appwise_master.ods
2025-03-01,Bank of Baroda Apps,2.11,588.95,appwise_master.ods
2025-03-01,Bank of India Apps,0.27,86.1,appwise_master.ods
2025-03-01,Bank of Maharashtra Apps,0.03,9.11,appwise_master.ods
2025-03-01,Bharat Pe,1.07,68.67,appwise_master.ods
2025-03-01,Canara Bank Apps,3.75,975.91,appwise_master.ods
2025-03-01,Central Bank of India Apps,1.57,268.0,appwise_master.ods
2025-03-01,Cheq,0.03,2.43,appwise_master.ods
2025-03-01,City Union Bank Apps,0.09,31.31,appwise_master.ods
2025-03-01,Cred,144.82,55091.22,appwise_master.ods
2025-03-01,DBS Digibank Apps,1.02,228.73,appwise_master.ods
2025-03-01,Deutsche Bank Apps,3.61,531.92,appwise_master.ods
2025-03-01,Dhani,0.17,8.44,appwise_master.ods
2025-03-01,Digikhata,0.8,258.58,appwise_master.ods
2025-03-01,ESAF Small Finance Bank Apps,0.38,40.78,appwise_master.ods
2025-03-01,Fampay,89.94,1099.28,appwise_master.ods
2025-03-01,Federal Bank Apps,4.75,869.77,appwise_master.ods
2025-03-01,Fi Money,3.25,434.16,appwise_master.ods
2025-03-01,Fino Payments Bank Apps,0.58,63.84,appwise_master.ods
2025-03-01,Flipkart UPI,4.72,257.82,appwise_master.ods
2025-03-01,Freo,0.05,3.87,appwise_master.ods
2025-03-01,Genwise,0.07,28.34,appwise_master.ods
2025-03-01,Google Pay,6596.76,866568.18,appwise_master.ods
2025-03-01,Groww,11.63,7009.63,appwise_master.ods
2025-03-01,HDFC Bank Apps,46.63,11782.56,appwise_master.ods
2025-03-01,HSBC Bank Apps,0.99,224.31,appwise_master.ods
2025-03-01,ICICI Bank Apps,65.41,14804.72,appwise_master.ods
2025-03-01,IDBI Bank Apps,0.13,45.74,appwise_master.ods
2025-03-01,IDFC Bank Apps,14.39,2478.07,appwise_master.ods
2025-03-01,Ind Money,0.95,436.8,appwise_master.ods
2025-03-01,India Post Payments Bank Apps,16.58,1941.73,appwise_master.ods
2025-03-01,Indian Bank Apps,0.64,176.18,appwise_master.ods
2025-03-01,Indian Overseas Bank Apps,0.26,60.29,appwise_master.ods
2025-03-01,IndusInd Bank Apps,2.04,346.0,appwise_master.ods
2025-03-01,Jammu and Kashmir Bank Apps,1.75,261.45,appwise_master.ods
2025-03-01,Jio Payments Bank Apps,4.08,318.2,appwise_master.ods
2025-03-01,Jupiter Money,6.49,958.52,appwise_master.ods
2025-03-01,Karnataka Bank Apps,0.25,57.71,appwise_master.ods
2025-03-01,Karur Vysya Bank Apps,0.09,33.66,appwise_master.ods
2025-03-01,Kiwi,1.41,213.93,appwise_master.ods
2025-03-01,Kotak Mahindra Bank Apps,57.05,7737.14,appwise_master.ods
2025-03-01,Kredit Pe,0.19,26.43,appwise_master.ods
2025-03-01,Mobikwik,29.8,4414.0,appwise_master.ods
2025-03-01,Money View,0.18,18.99,appwise_master.ods
2025-03-01,NSDL Payments Bank Apps,0.04,5.54,appwise_master.ods
2025-03-01,Navi,324.42,18018.65,appwise_master.ods
2025-03-01,Niyo Global,0.11,54.39,appwise_master.ods
2025-03-01,OmniCard,1.59,86.51,appwise_master.ods
2025-03-01,One Card,0.82,973.0,appwise_master.ods
2025-03-01,Other Apps,2.08,247.74,appwise_master.ods
2025-03-01,POP UPI,8.53,449.95,appwise_master.ods
2025-03-01,Paytm,1221.12,132912.04,appwise_master.ods
2025-03-01,PhonePe,8647.78,1257075.54,appwise_master.ods
2025-03-01,Punjab National Bank Apps,3.38,898.95,appwise_master.ods
2025-03-01,Punjab Sind Bank Apps,0.03,9.19,appwise_master.ods
2025-03-01,RBL Bank Apps,12.38,1714.22,appwise_master.ods
2025-03-01,Rapipay,0.14,17.08,appwise_master.ods
2025-03-01,Salary Se,0.36,18.23,appwise_master.ods
2025-03-01,Samsung Pay,8.95,642.73,appwise_master.ods
2025-03-01,Shriram One,1.75,116.77,appwise_master.ods
2025-03-01,Slice,17.41,2069.29,appwise_master.ods
2025-03-01,South Indian Bank Apps,0.68,204.88,appwise_master.ods
2025-03-01,Spice Money,0.16,12.87,appwise_master.ods
2025-03-01,Standard Chartered Bank Apps,0.31,140.79,appwise_master.ods
2025-03-01,State Bank of India Apps,12.61,3418.04,appwise_master.ods
2025-03-01,Suryoday Bank Apps,1.24,174.22,appwise_master.ods
2025-03-01,Tamilnad Mercantile Bank Apps,0.08,29.48,appwise_master.ods
2025-03-01,TataNeu,0.38,111.95,appwise_master.ods
2025-03-01,Timepay,3.07,37.66,appwise_master.ods
2025-03-01,True Balance,0.1,3.41,appwise_master.ods
2025-03-01,UCO Bank Apps,0.44,110.34,appwise_master.ods
2025-03-01,Ultracash,0.11,8.67,appwise_master.ods
2025-03-01,Union Bank Apps,0.72,241.09,appwise_master.ods
2025-03-01,WhatsApp,66.23,4958.25,appwise_master.ods
2025-03-01,Yes Bank Apps,43.58,9369.6,appwise_master.ods
2025-03-01,super.money,171.75,5933.08,appwise_master.ods
2025-04-01,AU Small Finance Bank Apps,0.57,178.31,appwise_master.ods
2025-04-01,Aditya Birla Capital Digital,0.63,32.69,appwise_master.ods
2025-04-01,Airtel Payments Bank Apps,20.4,1416.38,appwise_master.ods
2025-04-01,Amazon Pay,98.26,9966.68,appwise_master.ods
2025-04-01,Axis Bank Apps,22.18,5281.1,appwise_master.ods
2025-04-01,BHIM,53.57,10363.27,appwise_master.ods
2025-04-01,Bajaj Finserv,10.25,2002.37,appwise_master.ods
2025-04-01,Bank of Baroda Apps,1.9,567.22,appwise_master.ods
2025-04-01,Bank of India Apps,0.3,90.46,appwise_master.ods
2025-04-01,Bank of Maharashtra Apps,0.02,6.66,appwise_master.ods
2025-04-01,Bharat Pe,0.78,59.59,appwise_master.ods
2025-04-01,Canara Bank Apps,3.71,970.18,appwise_master.ods
2025-04-01,Central Bank of India Apps,1.54,263.72,appwise_master.ods
2025-04-01,Cheq,0.02,1.72,appwise_master.ods
2025-04-01,City Union Bank Apps,0.08,29.3,appwise_master.ods
2025-04-01,Cred,134.67,49753.0,appwise_master.ods
2025-04-01,DBS Digibank Apps,1.09,211.67,appwise_master.ods
2025-04-01,Deutsche Bank Apps,3.55,647.31,appwise_master.ods
2025-04-01,Dhani,0.16,7.15,appwise_master.ods
2025-04-01,Digikhata,0.8,254.47,appwise_master.ods
2025-04-01,ESAF Small Finance Bank Apps,0.44,52.11,appwise_master.ods
2025-04-01,Fampay,99.91,1241.8,appwise_master.ods
2025-04-01,Federal Bank Apps,4.89,894.05,appwise_master.ods
2025-04-01,Fi Money,3.01,396.69,appwise_master.ods
2025-04-01,Fino Payments Bank Apps,0.51,54.6,appwise_master.ods
2025-04-01,Flipkart UPI,3.47,195.89,appwise_master.ods
2025-04-01,Freo,0.04,2.6,appwise_master.ods
2025-04-01,Genwise,0.07,27.48,appwise_master.ods
2025-04-01,Google Pay,6488.55,842628.56,appwise_master.ods
2025-04-01,Groww,12.37,8788.46,appwise_master.ods
2025-04-01,HDFC Bank Apps,44.47,11941.31,appwise_master.ods
2025-04-01,HSBC Bank Apps,0.87,106.65,appwise_master.ods
2025-04-01,ICICI Bank Apps,55.89,14360.28,appwise_master.ods
2025-04-01,IDBI Bank Apps,0.13,47.44,appwise_master.ods
2025-04-01,IDFC Bank Apps,16.01,2430.68,appwise_master.ods
2025-04-01,Ind Money,1.05,541.53,appwise_master.ods
2025-04-01,India Post Payments Bank Apps,14.76,1738.65,appwise_master.ods
2025-04-01,Indian Bank Apps,0.7,186.42,appwise_master.ods
2025-04-01,Indian Overseas Bank Apps,0.27,63.56,appwise_master.ods
2025-04-01,IndusInd Bank Apps,2.17,345.61,appwise_master.ods
2025-04-01,Jammu and Kashmir Bank Apps,2.11,281.4,appwise_master.ods
2025-04-01,Jio Payments Bank Apps,4.21,315.88,appwise_master.ods
2025-04-01,Jupiter Money,6.15,900.17,appwise_master.ods
2025-04-01,Karnataka Bank Apps,0.24,58.02,appwise_master.ods
2025-04-01,Karur Vysya Bank Apps,0.09,33.47,appwise_master.ods
2025-04-01,Kiwi,2.41,297.79,appwise_master.ods
2025-04-01,Kotak Mahindra Bank Apps,57.73,7681.65,appwise_master.ods
2025-04-01,Kredit Pe,0.22,28.84,appwise_master.ods
2025-04-01,Mobikwik,31.7,4277.05,appwise_master.ods
2025-04-01,Money View,0.23,25.72,appwise_master.ods
2025-04-01,NSDL Payments Bank Apps,0.06,6.78,appwise_master.ods
2025-04-01,Navi,344.21,18841.19,appwise_master.ods
2025-04-01,Niyo Global,0.11,58.73,appwise_master.ods
2025-04-01,Obopay,0.04,4.79,appwise_master.ods
2025-04-01,OmniCard,1.57,84.95,appwise_master.ods
2025-04-01,One Card,0.74,842.35,appwise_master.ods
2025-04-01,Other Apps,1.75,210.85,appwise_master.ods
2025-04-01,POP UPI,10.38,445.95,appwise_master.ods
2025-04-01,Paytm,1210.24,131153.97,appwise_master.ods
2025-04-01,PhonePe,8362.31,1205047.3,appwise_master.ods
2025-04-01,Punjab National Bank Apps,3.4,912.54,appwise_master.ods
2025-04-01,Punjab Sind Bank Apps,0.03,9.5,appwise_master.ods
2025-04-01,RBL Bank Apps,13.9,1630.61,appwise_master.ods
2025-04-01,Rapipay,0.15,16.93,appwise_master.ods
2025-04-01,Salary Se,0.37,17.58,appwise_master.ods
2025-04-01,Samsung Pay,8.72,619.96,appwise_master.ods
2025-04-01,Shriram One,2.09,137.77,appwise_master.ods
2025-04-01,Slice,17.81,2119.99,appwise_master.ods
2025-04-01,South Indian Bank Apps,0.68,200.19,appwise_master.ods
2025-04-01,Spice Money,0.17,12.63,appwise_master.ods
2025-04-01,Standard Chartered Bank Apps,1.72,153.33,appwise_master.ods
2025-04-01,State Bank of India Apps,13.16,3524.25,appwise_master.ods
2025-04-01,Suryoday Bank Apps,0.73,130.27,appwise_master.ods
2025-04-01,Tamilnad Mercantile Bank Apps,0.09,31.21,appwise_master.ods
2025-04-01,TataNeu,0.39,118.54,appwise_master.ods
2025-04-01,Timepay,3.12,40.66,appwise_master.ods
2025-04-01,True Balance,0.09,3.02,appwise_master.ods
2025-04-01,UCO Bank Apps,0.46,116.7,appwise_master.ods
2025-04-01,Ultracash,0.1,8.26,appwise_master.ods
2025-04-01,Union Bank Apps,0.72,243.46,appwise_master.ods
2025-04-01,Unity Small Finance Bank Apps,0.03,6.73,appwise_master.ods
2025-04-01,WhatsApp,67.4,5065.44,appwise_master.ods
2025-04-01,Yes Bank Apps,47.98,9039.54,appwise_master.ods
2025-04-01,super.money,175.24,5924.95,appwise_master.ods
2025-05-01,AU Small Finance Bank Apps,0.6,184.67,appwise_master.ods
2025-05-01,Aditya Birla Capital Digital,0.49,26.92,appwise_master.ods
2025-05-01,Airtel Payments Bank Apps,20.14,1447.34,appwise_master.ods
2025-05-01,Amazon Pay,98.68,10343.44,appwise_master.ods
2025-05-01,Axis Bank Apps,23.1,5427.15,appwise_master.ods
2025-05-01,BHIM,64.6,11243.73,appwise_master.ods
2025-05-01,Bajaj Finserv,10.67,2219.95,appwise_master.ods
2025-05-01,Bank of Baroda Apps,1.8,528.32,appwise_master.ods
2025-05-01,Bank of India Apps,0.3,91.04,appwise_master.ods
2025-05-01,Bank of Maharashtra Apps,0.02,7.44,appwise_master.ods
2025-05-01,Bharat Pe,0.74,58.21,appwise_master.ods
2025-05-01,Canara Bank Apps,3.85,992.9,appwise_master.ods
2025-05-01,Central Bank of India Apps,1.56,268.09,appwise_master.ods
2025-05-01,City Union Bank Apps,0.07,29.97,appwise_master.ods
2025-05-01,Cred,141.95,55242.72,appwise_master.ods
2025-05-01,DBS Digibank Apps,1.04,224.55,appwise_master.ods
2025-05-01,Deutsche Bank Apps,4.02,723.74,appwise_master.ods
2025-05-01,Dhani,0.17,8.63,appwise_master.ods
2025-05-01,Digikhata,0.87,282.69,appwise_master.ods
2025-05-01,ESAF Small Finance Bank Apps,0.57,63.39,appwise_master.ods
2025-05-01,Fampay,110.38,1415.4,appwise_master.ods
2025-05-01,Federal Bank Apps,5.09,982.11,appwise_master.ods
2025-05-01,Fi Money,2.99,407.88,appwise_master.ods
2025-05-01,Fino Payments Bank Apps,0.54,56.9,appwise_master.ods
2025-05-01,Flipkart UPI,3.23,187.83,appwise_master.ods
2025-05-01,Freo,0.04,2.27,appwise_master.ods
2025-05-01,Google Pay,6740.42,884735.12,appwise_master.ods
2025-05-01,Groww,12.14,8443.05,appwise_master.ods
2025-05-01,HDFC Bank Apps,48.1,14798.07,appwise_master.ods
2025-05-01,HSBC Bank Apps,1.01,123.87,appwise_master.ods
2025-05-01,ICICI Bank Apps,57.17,14783.71,appwise_master.ods
2025-05-01,IDBI Bank Apps,0.13,49.81,appwise_master.ods
2025-05-01,IDFC Bank Apps,16.19,2493.14,appwise_master.ods
2025-05-01,Ind Money,1.3,560.96,appwise_master.ods
2025-05-01,India Post Payments Bank Apps,16.51,1834.83,appwise_master.ods
2025-05-01,Indian Bank Apps,0.8,202.18,appwise_master.ods
2025-05-01,Indian Overseas Bank Apps,0.27,64.81,appwise_master.ods
2025-05-01,IndusInd Bank Apps,1.99,258.89,appwise_master.ods
2025-05-01,Jammu and Kashmir Bank Apps,2.36,308.47,appwise_master.ods
2025-05-01,Jio Payments Bank Apps,4.7,341.19,appwise_master.ods
2025-05-01,Jupiter Money,6.4,950.85,appwise_master.ods
2025-05-01,Karnataka Bank Apps,0.25,59.72,appwise_master.ods
2025-05-01,Karur Vysya Bank Apps,0.1,35.02,appwise_master.ods
2025-05-01,Kiwi,3.58,428.68,appwise_master.ods
2025-05-01,Kotak Mahindra Bank Apps,59.74,7862.6,appwise_master.ods
2025-05-01,Kredit Pe,0.32,35.29,appwise_master.ods
2025-05-01,Mobikwik,33.92,4674.33,appwise_master.ods
2025-05-01,Money View,0.32,31.91,appwise_master.ods
2025-05-01,NSDL Payments Bank Apps,0.16,16.23,appwise_master.ods
2025-05-01,Navi,386.21,21350.35,appwise_master.ods
2025-05-01,Niyo Global,0.07,25.75,appwise_master.ods
2025-05-01,Obopay,0.06,8.77,appwise_master.ods
2025-05-01,OmniCard,1.63,92.27,appwise_master.ods
2025-05-01,One Card,0.8,954.81,appwise_master.ods
2025-05-01,Other Apps,1.76,235.74,appwise_master.ods
2025-05-01,POP UPI,13.59,500.88,appwise_master.ods
2025-05-01,Paytm,1277.56,138068.97,appwise_master.ods
2025-05-01,Payworld,0.03,2.21,appwise_master.ods
2025-05-01,PhonePe,8682.08,1256541.09,appwise_master.ods
2025-05-01,Punjab National Bank Apps,3.6,953.88,appwise_master.ods
2025-05-01,Punjab Sind Bank Apps,0.02,8.87,appwise_master.ods
2025-05-01,RBL Bank Apps,13.17,1744.69,appwise_master.ods
2025-05-01,Rapipay,0.17,19.16,appwise_master.ods
2025-05-01,Salary Se,0.43,20.47,appwise_master.ods
2025-05-01,Samsung Pay,9.14,656.92,appwise_master.ods
2025-05-01,Shriram One,2.58,165.88,appwise_master.ods
2025-05-01,Slice,19.85,2330.2,appwise_master.ods
2025-05-01,South Indian Bank Apps,0.71,211.09,appwise_master.ods
2025-05-01,Spice Money,0.2,14.26,appwise_master.ods
2025-05-01,Standard Chartered Bank Apps,2.75,172.79,appwise_master.ods
2025-05-01,State Bank of India Apps,13.48,3700.3,appwise_master.ods
2025-05-01,Suryoday Bank Apps,1.24,214.28,appwise_master.ods
2025-05-01,Tamilnad Mercantile Bank Apps,0.09,32.95,appwise_master.ods
2025-05-01,TataNeu,0.45,132.55,appwise_master.ods
2025-05-01,Timepay,3.9,50.01,appwise_master.ods
2025-05-01,True Balance,0.1,3.01,appwise_master.ods
2025-05-01,UCO Bank Apps,0.48,122.06,appwise_master.ods
2025-05-01,Ultracash,0.1,7.77,appwise_master.ods
2025-05-01,Union Bank Apps,0.73,241.85,appwise_master.ods
2025-05-01,Unity Small Finance Bank Apps,0.06,12.79,appwise_master.ods
2025-05-01,WhatsApp,70.19,5280.89,appwise_master.ods
2025-05-01,Yes Bank Apps,53.19,9496.55,appwise_master.ods
2025-05-01,super.money,203.42,7054.28,appwise_master.ods
2025-06-01,AU Small Finance Bank Apps,0.62,184.72,appwise_master.ods
2025-06-01,Aditya Birla Capital Digital,0.37,42.7,appwise_master.ods
2025-06-01,Airtel Payments Bank Apps,19.74,1368.19,appwise_master.ods
2025-06-01,Amazon Pay,93.25,9942.48,appwise_master.ods
2025-06-01,Axis Bank Apps,24.05,5230.63,appwise_master.ods
2025-06-01,BHIM,73.07,11725.85,appwise_master.ods
2025-06-01,Bajaj Finserv,11.4,2351.65,appwise_master.ods
2025-06-01,Bank of Baroda Apps,1.77,497.24,appwise_master.ods
2025-06-01,Bank of India Apps,0.28,82.52,appwise_master.ods
2025-06-01,Bank of Maharashtra Apps,0.02,8.31,appwise_master.ods
2025-06-01,Bharat Pe,0.54,46.14,appwise_master.ods
2025-06-01,Canara Bank Apps,3.49,911.93,appwise_master.ods
2025-06-01,Central Bank of India Apps,0.93,186.91,appwise_master.ods
2025-06-01,City Union Bank Apps,0.08,29.99,appwise_master.ods
2025-06-01,Cred,138.32,51384.11,appwise_master.ods
2025-06-01,DBS Digibank Apps,0.86,221.17,appwise_master.ods
2025-06-01,Deutsche Bank Apps,4.02,723.81,appwise_master.ods
2025-06-01,Dhani,0.17,7.65,appwise_master.ods
2025-06-01,Digikhata,0.88,287.21,appwise_master.ods
2025-06-01,ESAF Small Finance Bank Apps,0.57,58.0,appwise_master.ods
2025-06-01,Fampay,112.75,1439.64,appwise_master.ods
2025-06-01,Federal Bank Apps,5.22,1006.22,appwise_master.ods
2025-06-01,Fi Money,2.75,375.21,appwise_master.ods
2025-06-01,Fino Payments Bank Apps,0.54,53.51,appwise_master.ods
2025-06-01,Flipkart UPI,2.52,144.64,appwise_master.ods
2025-06-01,Freo,0.03,2.23,appwise_master.ods
2025-06-01,Google Pay,6540.92,840931.06,appwise_master.ods
2025-06-01,Groww,12.46,8801.55,appwise_master.ods
2025-06-01,HDFC Bank Apps,48.4,14287.88,appwise_master.ods
2025-06-01,HSBC Bank Apps,1.0,121.63,appwise_master.ods
2025-06-01,ICICI Bank Apps,59.57,14148.92,appwise_master.ods
2025-06-01,IDBI Bank Apps,0.14,49.11,appwise_master.ods
2025-06-01,IDFC Bank Apps,17.42,2481.19,appwise_master.ods
2025-06-01,Ind Money,1.41,558.23,appwise_master.ods
2025-06-01,India Post Payments Bank Apps,16.65,1730.46,appwise_master.ods
2025-06-01,Indian Bank Apps,0.87,203.68,appwise_master.ods
2025-06-01,Indian Overseas Bank Apps,0.28,67.04,appwise_master.ods
2025-06-01,IndusInd Bank Apps,1.31,173.24,appwise_master.ods
2025-06-01,Jammu and Kashmir Bank Apps,2.41,316.86,appwise_master.ods
2025-06-01,Jio Payments Bank Apps,4.26,308.69,appwise_master.ods
2025-06-01,Jupiter Money,5.99,905.62,appwise_master.ods
2025-06-01,Karnataka Bank Apps,0.25,57.35,appwise_master.ods
2025-06-01,Karur Vysya Bank Apps,0.1,35.57,appwise_master.ods
2025-06-01,Kiwi,3.43,385.72,appwise_master.ods
2025-06-01,Kotak Mahindra Bank Apps,60.36,7735.27,appwise_master.ods
2025-06-01,Kredit Pe,0.43,42.0,appwise_master.ods
2025-06-01,Mobikwik,34.43,4600.71,appwise_master.ods
2025-06-01,Money View,0.34,38.22,appwise_master.ods
2025-06-01,NSDL Payments Bank Apps,1.18,47.5,appwise_master.ods
2025-06-01,Navi,406.01,21814.51,appwise_master.ods
2025-06-01,Niyo Global,0.06,14.82,appwise_master.ods
2025-06-01,Obopay,0.08,11.38,appwise_master.ods
2025-06-01,OmniCard,1.62,93.83,appwise_master.ods
2025-06-01,One Card,0.73,834.56,appwise_master.ods
2025-06-01,Other Apps,1.94,238.55,appwise_master.ods
2025-06-01,POP UPI,32.33,834.39,appwise_master.ods
2025-06-01,Paytm,1269.16,134171.16,appwise_master.ods
2025-06-01,Payworld,0.03,1.96,appwise_master.ods
2025-06-01,PhonePe,8547.04,1198690.03,appwise_master.ods
2025-06-01,Punjab National Bank Apps,3.46,917.08,appwise_master.ods
2025-06-01,RBL Bank Apps,10.57,1560.21,appwise_master.ods
2025-06-01,Rapipay,0.17,19.48,appwise_master.ods
2025-06-01,Salary Se,0.46,21.59,appwise_master.ods
2025-06-01,Samsung Pay,8.81,624.29,appwise_master.ods
2025-06-01,Shriram One,2.16,144.64,appwise_master.ods
2025-06-01,Slice,17.76,2317.46,appwise_master.ods
2025-06-01,South Indian Bank Apps,0.73,208.33,appwise_master.ods
2025-06-01,Spice Money,0.2,14.16,appwise_master.ods
2025-06-01,Standard Chartered Bank Apps,1.54,158.54,appwise_master.ods
2025-06-01,State Bank of India Apps,13.35,3591.53,appwise_master.ods
2025-06-01,Suryoday Bank Apps,0.89,118.34,appwise_master.ods
2025-06-01,Tamilnad Mercantile Bank Apps,0.09,32.85,appwise_master.ods
2025-06-01,Tata Pay,0.47,134.16,appwise_master.ods
2025-06-01,Timepay,3.96,50.49,appwise_master.ods
2025-06-01,True Balance,0.07,2.2,appwise_master.ods
2025-06-01,UCO Bank Apps,0.51,125.51,appwise_master.ods
2025-06-01,Ultracash,0.1,7.45,appwise_master.ods
2025-06-01,Union Bank Apps,0.74,236.2,appwise_master.ods
2025-06-01,Unity Small Finance Bank Apps,0.07,16.01,appwise_master.ods
2025-06-01,WhatsApp,67.48,4989.34,appwise_master.ods
2025-06-01,Yes Bank Apps,52.2,8898.96,appwise_master.ods
2025-06-01,super.money,218.96,7716.48,appwise_master.ods
2025-08-01,AU Small Finance Bank Apps,0.68,208.06,appwise_master.ods
2025-08-01,Aditya Birla Capital Digital,0.42,28.13,appwise_master.ods
2025-08-01,Airtel Payments Bank Apps,21.4,1650.42,appwise_master.ods
2025-08-01,Amazon Pay,98.98,10830.8,appwise_master.ods
2025-08-01,Axis Bank Apps,30.37,5482.37,appwise_master.ods
2025-08-01,BHIM,100.16,15002.68,appwise_master.ods
2025-08-01,Bajaj Finserv,11.63,2456.88,appwise_master.ods
2025-08-01,Bank of Baroda Apps,2.39,508.85,appwise_master.ods
2025-08-01,Bank of India Apps,0.3,93.6,appwise_master.ods
2025-08-01,Bharat Pe,4.69,233.82,appwise_master.ods
2025-08-01,Canara Bank Apps,4.27,1028.07,appwise_master.ods
2025-08-01,Central Bank of India Apps,0.71,161.42,appwise_master.ods
2025-08-01,City Union Bank Apps,0.07,28.22,appwise_master.ods
2025-08-01,Cred,150.0,55756.24,appwise_master.ods
2025-08-01,DBS Digibank Apps,0.75,252.09,appwise_master.ods
2025-08-01,Deutsche Bank Apps,4.23,774.07,appwise_master.ods
2025-08-01,Dhani,0.22,9.85,appwise_master.ods
2025-08-01,Digikhata,1.1,365.04,appwise_master.ods
2025-08-01,ESAF Small Finance Bank Apps,0.59,63.66,appwise_master.ods
2025-08-01,Fampay,135.65,1708.85,appwise_master.ods
2025-08-01,Federal Bank Apps,6.55,1295.01,appwise_master.ods
2025-08-01,Fi Money,2.77,391.19,appwise_master.ods
2025-08-01,Fino Payments Bank Apps,0.69,68.05,appwise_master.ods
2025-08-01,Flipkart UPI,3.46,194.88,appwise_master.ods
2025-08-01,Freo,0.04,2.43,appwise_master.ods
2025-08-01,Google Pay,7063.76,883682.27,appwise_master.ods
2025-08-01,Groww,13.01,9001.87,appwise_master.ods
2025-08-01,HDFC Bank Apps,49.66,16107.74,appwise_master.ods
2025-08-01,HSBC Bank Apps,1.2,150.84,appwise_master.ods
2025-08-01,ICICI Bank Apps,73.48,14644.94,appwise_master.ods
2025-08-01,IDBI Bank Apps,0.17,67.08,appwise_master.ods
2025-08-01,IDFC Bank Apps,17.44,2728.15,appwise_master.ods
2025-08-01,Ind Money,2.15,758.73,appwise_master.ods
2025-08-01,India Post Payments Bank Apps,19.58,1892.61,appwise_master.ods
2025-08-01,Indian Bank Apps,1.26,281.53,appwise_master.ods
2025-08-01,Indian Overseas Bank Apps,0.26,64.38,appwise_master.ods
2025-08-01,IndusInd Bank Apps,1.91,238.35,appwise_master.ods
2025-08-01,Jammu and Kashmir Bank Apps,2.47,334.59,appwise_master.ods
2025-08-01,Jar,0.04,1.14,appwise_master.ods
2025-08-01,Jio Payments Bank Apps,4.65,319.72,appwise_master.ods
2025-08-01,Jupiter Money,6.49,998.01,appwise_master.ods
2025-08-01,Karnataka Bank Apps,0.27,60.7,appwise_master.ods
2025-08-01,Karur Vysya Bank Apps,0.11,38.33,appwise_master.ods
2025-08-01,Kiwi,2.69,305.39,appwise_master.ods
2025-08-01,Kotak Mahindra Bank Apps,71.87,8662.31,appwise_master.ods
2025-08-01,Kredit Pe,0.71,60.21,appwise_master.ods
2025-08-01,Mobikwik,48.14,6010.88,appwise_master.ods
2025-08-01,Money View,1.03,74.94,appwise_master.ods
2025-08-01,NSDL Payments Bank Apps,3.46,191.44,appwise_master.ods
2025-08-01,Navi,504.45,25396.91,appwise_master.ods
2025-08-01,Niyo Global,0.09,22.11,appwise_master.ods
2025-08-01,Obopay,0.11,16.77,appwise_master.ods
2025-08-01,OmniCard,1.82,113.4,appwise_master.ods
2025-08-01,One Card,0.76,884.64,appwise_master.ods
2025-08-01,Other Apps,4.390000000000001,504.66,appwise_master.ods
2025-08-01,POP UPI,44.53,1694.22,appwise_master.ods
2025-08-01,Paytm,1407.23,143484.97,appwise_master.ods
2025-08-01,Payworld,0.04,4.0,appwise_master.ods
2025-08-01,PhonePe,9152.54,1199457.73,appwise_master.ods
2025-08-01,Punjab National Bank Apps,3.79,964.86,appwise_master.ods
2025-08-01,Punjab Sind Bank Apps,0.02,6.63,appwise_master.ods
2025-08-01,RBL Bank Apps,9.15,1423.59,appwise_master.ods
2025-08-01,Rapipay,0.24,25.0,appwise_master.ods
2025-08-01,Salary Se,0.53,24.31,appwise_master.ods
2025-08-01,Samsung Pay,9.9,682.42,appwise_master.ods
2025-08-01,Shriram One,2.61,159.27,appwise_master.ods
2025-08-01,Slice,20.75,2716.14,appwise_master.ods
2025-08-01,South Indian Bank Apps,0.9,248.87,appwise_master.ods
2025-08-01,Spice Money,0.3,26.1,appwise_master.ods
2025-08-01,Standard Chartered Bank Apps,0.26,123.17,appwise_master.ods
2025-08-01,State Bank of India Apps,12.99,3668.47,appwise_master.ods
2025-08-01,Suryoday Bank Apps,1.46,111.08,appwise_master.ods
2025-08-01,Tamilnad Mercantile Bank Apps,0.1,33.36,appwise_master.ods
2025-08-01,Tata Pay,0.52,155.47,appwise_master.ods
2025-08-01,Timepay,2.98,43.77,appwise_master.ods
2025-08-01,True Balance,0.15,4.9,appwise_master.ods
2025-08-01,UCO Bank Apps,0.53,130.16,appwise_master.ods
2025-08-01,Ultracash,0.1,7.48,appwise_master.ods
2025-08-01,Union Bank Apps,0.84,259.85,appwise_master.ods
2025-08-01,Unity Small Finance Bank Apps,0.07,19.76,appwise_master.ods
2025-08-01,Utkarsh Small Finance Bank Apps,0.03,4.18,appwise_master.ods
2025-08-01,WhatsApp,78.21,5583.34,appwise_master.ods
2025-08-01,Yes Bank Apps,53.91,9408.85,appwise_master.ods
2025-08-01,super.money,256.64,9290.21,appwise_master.ods
2025-09-01,AU Small Finance Bank Apps,0.69,221.41,appwise_master.ods
2025-09-01,Aditya Birla Capital Digital,0.56,25.14,appwise_master.ods
2025-09-01,Airtel Payments Bank Apps,17.34,1290.54,appwise_master.ods
2025-09-01,Amazon Pay,91.4,10234.84,appwise_master.ods
2025-09-01,Axis Bank Apps,29.21,5381.5,appwise_master.ods
2025-09-01,BHIM,110.84,16273.38,appwise_master.ods
2025-09-01,Bajaj Finserv,12.01,2520.3,appwise_master.ods
2025-09-01,Bank of Baroda Apps,2.59,611.74,appwise_master.ods
2025-09-01,Bank of India Apps,0.32,101.51,appwise_master.ods
2025-09-01,Bharat Pe,16.05,1357.79,appwise_master.ods
2025-09-01,Canara Bank Apps,4.27,1049.05,appwise_master.ods
2025-09-01,Central Bank of India Apps,0.55,137.29,appwise_master.ods
2025-09-01,City Union Bank Apps,0.08,31.81,appwise_master.ods
2025-09-01,Cred,147.86,54796.41,appwise_master.ods
2025-09-01,DBS Digibank Apps,0.72,250.56,appwise_master.ods
2025-09-01,Deutsche Bank Apps,4.63,764.92,appwise_master.ods
2025-09-01,Dhani,0.23,10.7,appwise_master.ods
2025-09-01,Digikhata,1.05,352.31,appwise_master.ods
2025-09-01,ESAF Small Finance Bank Apps,0.67,65.43,appwise_master.ods
2025-09-01,Equitas Small Finance Bank Apps,0.02,7.23,appwise_master.ods
2025-09-01,Fampay,140.01,1751.77,appwise_master.ods
2025-09-01,Federal Bank Apps,6.61,1330.79,appwise_master.ods
2025-09-01,Fi Money,2.66,382.26,appwise_master.ods
2025-09-01,Fino Payments Bank Apps,0.78,69.88,appwise_master.ods
2025-09-01,Flipkart UPI,3.58,263.48,appwise_master.ods
2025-09-01,Freo,0.03,1.96,appwise_master.ods
2025-09-01,Google Pay,6832.93,873639.91,appwise_master.ods
2025-09-01,Groww,14.17,10098.51,appwise_master.ods
2025-09-01,HDFC Bank Apps,48.29,16409.2,appwise_master.ods
2025-09-01,HSBC Bank Apps,1.21,145.51,appwise_master.ods
2025-09-01,ICICI Bank Apps,71.63,14491.28,appwise_master.ods
2025-09-01,IDBI Bank Apps,0.17,69.18,appwise_master.ods
2025-09-01,IDFC Bank Apps,12.99,2718.6,appwise_master.ods
2025-09-01,Ind Money,2.61,870.13,appwise_master.ods
2025-09-01,India Post Payments Bank Apps,16.81,1625.33,appwise_master.ods
2025-09-01,Indian Bank Apps,1.38,316.14,appwise_master.ods
2025-09-01,Indian Overseas Bank Apps,0.24,62.77,appwise_master.ods
2025-09-01,IndusInd Bank Apps,1.67,222.41,appwise_master.ods
2025-09-01,Jammu and Kashmir Bank Apps,2.38,348.51,appwise_master.ods
2025-09-01,Jar,0.14,3.13,appwise_master.ods
2025-09-01,Jio Payments Bank Apps,5.0,344.89,appwise_master.ods
2025-09-01,Jupiter Money,6.06,958.38,appwise_master.ods
2025-09-01,Karnataka Bank Apps,0.27,62.55,appwise_master.ods
2025-09-01,Karur Vysya Bank Apps,0.11,40.62,appwise_master.ods
2025-09-01,Kiwi,2.5,306.62,appwise_master.ods
2025-09-01,Kotak Mahindra Bank Apps,75.46,9168.77,appwise_master.ods
2025-09-01,Kredit Pe,0.67,54.86,appwise_master.ods
2025-09-01,KreditBee,0.05,2.18,appwise_master.ods
2025-09-01,Mobikwik,46.95,5761.51,appwise_master.ods
2025-09-01,Money View,1.09,87.15,appwise_master.ods
2025-09-01,NSDL Payments Bank Apps,1.95,210.27,appwise_master.ods
2025-09-01,Navi,526.02,26510.97,appwise_master.ods
2025-09-01,Niyo Global,0.05,13.16,appwise_master.ods
2025-09-01,Obopay,0.13,19.72,appwise_master.ods
2025-09-01,OmniCard,1.86,118.22,appwise_master.ods
2025-09-01,One Card,0.71,827.92,appwise_master.ods
2025-09-01,Other Apps,2.15,221.08,appwise_master.ods
2025-09-01,POP UPI,51.61,1953.68,appwise_master.ods
2025-09-01,Paytm,1394.07,145134.78,appwise_master.ods
2025-09-01,Payworld,0.05,4.05,appwise_master.ods
2025-09-01,PhonePe,8961.78,1203787.91,appwise_master.ods
2025-09-01,Punjab National Bank Apps,3.88,983.32,appwise_master.ods
2025-09-01,Punjab Sind Bank Apps,0.02,7.21,appwise_master.ods
2025-09-01,RBL Bank Apps,7.79,1512.34,appwise_master.ods
2025-09-01,Rapipay,0.23,24.83,appwise_master.ods
2025-09-01,Salary Se,0.49,22.88,appwise_master.ods
2025-09-01,Samsung Pay,9.9,676.36,appwise_master.ods
2025-09-01,Shriram One,1.81,136.08,appwise_master.ods
2025-09-01,Slice,22.62,3014.8,appwise_master.ods
2025-09-01,South Indian Bank Apps,0.86,248.26,appwise_master.ods
2025-09-01,Spice Money,0.3,28.07,appwise_master.ods
2025-09-01,Standard Chartered Bank Apps,0.25,113.45,appwise_master.ods
2025-09-01,State Bank of India Apps,12.18,3614.58,appwise_master.ods
2025-09-01,Suryoday Bank Apps,1.67,11.34,appwise_master.ods
2025-09-01,Tamilnad Mercantile Bank Apps,0.1,36.17,appwise_master.ods
2025-09-01,Tata Pay,0.5,159.6,appwise_master.ods
2025-09-01,Timepay,2.98,41.89,appwise_master.ods
2025-09-01,True Balance,0.13,4.49,appwise_master.ods
2025-09-01,UCO Bank Apps,0.54,140.39,appwise_master.ods
2025-09-01,Ultracash,0.09,6.96,appwise_master.ods
2025-09-01,Union Bank Apps,0.73,232.38,appwise_master.ods
2025-09-01,Unity Small Finance Bank Apps,0.07,21.92,appwise_master.ods
2025-09-01,Utkarsh Small Finance Bank Apps,0.03,5.49,appwise_master.ods
2025-09-01,WhatsApp,79.75,5768.86,appwise_master.ods
2025-09-01,Yes Bank Apps,47.37,6735.08,appwise_master.ods
2025-09-01,super.money,256.34,9852.44,appwise_master.ods
2025-10-01,AU Small Finance Bank Apps,0.71,244.77,appwise_master.ods
2025-10-01,Aditya Birla Capital Digital,0.42,21.45,appwise_master.ods
2025-10-01,Airtel Payments Bank Apps,16.78,1285.71,appwise_master.ods
2025-10-01,Amazon Pay,91.65,10710.43,appwise_master.ods
2025-10-01,Axis Bank Apps,17.09,4666.78,appwise_master.ods
2025-10-01,BHIM,124.25,19376.26,appwise_master.ods
2025-10-01,Bajaj Finserv,12.82,2599.28,appwise_master.ods
2025-10-01,Bank of Baroda Apps,2.77,721.61,appwise_master.ods
2025-10-01,Bank of India Apps,0.33,107.21,appwise_master.ods
2025-10-01,Bank of Maharashtra Apps,0.03,6.86,appwise_master.ods
2025-10-01,Bharat Pe,1.77,137.63,appwise_master.ods
2025-10-01,Canara Bank Apps,4.37,1133.76,appwise_master.ods
2025-10-01,Central Bank of India Apps,0.4,115.39,appwise_master.ods
2025-10-01,City Union Bank Apps,0.08,32.76,appwise_master.ods
2025-10-01,Cred,157.99,62438.03,appwise_master.ods
2025-10-01,DBS Digibank Apps,0.54,191.82,appwise_master.ods
2025-10-01,Deutsche Bank Apps,0.03,37.74,appwise_master.ods
2025-10-01,Dhani,0.24,10.84,appwise_master.ods
2025-10-01,Digikhata,1.14,409.7,appwise_master.ods
2025-10-01,ESAF Small Finance Bank Apps,0.97,98.21,appwise_master.ods
2025-10-01,Equitas Small Finance Bank Apps,0.02,7.76,appwise_master.ods
2025-10-01,Fampay,146.03,1900.99,appwise_master.ods
2025-10-01,Federal Bank Apps,6.99,1621.3,appwise_master.ods
2025-10-01,Fi Money,2.7,405.88,appwise_master.ods
2025-10-01,Fino Payments Bank Apps,0.91,82.72,appwise_master.ods
2025-10-01,Flipkart UPI,3.31,208.86,appwise_master.ods
2025-10-01,Freo,0.03,2.1,appwise_master.ods
2025-10-01,Google Pay,7164.43,954048.01,appwise_master.ods
2025-10-01,Groww,15.87,12555.52,appwise_master.ods
2025-10-01,HDFC Bank Apps,34.58,11910.56,appwise_master.ods
2025-10-01,HSBC Bank Apps,0.92,166.98,appwise_master.ods
2025-10-01,ICICI Bank Apps,23.03,7137.83,appwise_master.ods
2025-10-01,IDBI Bank Apps,0.17,75.41,appwise_master.ods
2025-10-01,IDFC Bank Apps,13.35,2977.47,appwise_master.ods
2025-10-01,Ind Money,2.98,1121.61,appwise_master.ods
2025-10-01,India Post Payments Bank Apps,17.97,1879.52,appwise_master.ods
2025-10-01,Indian Bank Apps,1.38,342.06,appwise_master.ods
2025-10-01,Indian Overseas Bank Apps,0.21,59.47,appwise_master.ods
2025-10-01,IndusInd Bank Apps,0.53,141.01,appwise_master.ods
2025-10-01,Jammu and Kashmir Bank Apps,2.66,419.17,appwise_master.ods
2025-10-01,Jar,0.46,10.67,appwise_master.ods
2025-10-01,Jio Payments Bank Apps,5.68,417.41,appwise_master.ods
2025-10-01,Jupiter Money,6.06,991.43,appwise_master.ods
2025-10-01,Karnataka Bank Apps,0.26,62.54,appwise_master.ods
2025-10-01,Karur Vysya Bank Apps,0.12,44.87,appwise_master.ods
2025-10-01,Kiwi,2.92,403.52,appwise_master.ods
2025-10-01,Kotak Mahindra Bank Apps,85.14,10842.53,appwise_master.ods
2025-10-01,Kredit Pe,0.63,56.41,appwise_master.ods
2025-10-01,KreditBee,0.5,13.9,appwise_master.ods
2025-10-01,Mobikwik,52.39,6500.58,appwise_master.ods
2025-10-01,Money View,1.38,105.13,appwise_master.ods
2025-10-01,NSDL Payments Bank Apps,0.12,12.18,appwise_master.ods
2025-10-01,Navi,573.79,30599.37,appwise_master.ods
2025-10-01,Obopay,0.14,21.43,appwise_master.ods
2025-10-01,OmniCard,1.92,128.78,appwise_master.ods
2025-10-01,One Card,0.73,904.13,appwise_master.ods
2025-10-01,Other Apps,2.26,227.57,appwise_master.ods
2025-10-01,POP UPI,38.92,1700.27,appwise_master.ods
2025-10-01,Paytm,1498.54,166629.1,appwise_master.ods
2025-10-01,Payworld,0.07,5.97,appwise_master.ods
2025-10-01,PhonePe,9410.55,1306265.2,appwise_master.ods
2025-10-01,Punjab National Bank Apps,4.15,1110.15,appwise_master.ods
2025-10-01,Punjab Sind Bank Apps,0.04,14.19,appwise_master.ods
2025-10-01,RBL Bank Apps,0.56,228.48,appwise_master.ods
2025-10-01,Rapipay,0.26,27.54,appwise_master.ods
2025-10-01,Salary Se,0.48,24.33,appwise_master.ods
2025-10-01,Samsung Pay,10.47,758.79,appwise_master.ods
2025-10-01,Shriram One,1.43,121.39,appwise_master.ods
2025-10-01,Slice,23.76,2519.29,appwise_master.ods
2025-10-01,South Indian Bank Apps,0.87,259.65,appwise_master.ods
2025-10-01,Spice Money,0.33,31.47,appwise_master.ods
2025-10-01,Standard Chartered Bank Apps,0.14,109.77,appwise_master.ods
2025-10-01,State Bank of India Apps,12.9,4041.63,appwise_master.ods
2025-10-01,Suryoday Bank Apps,0.0,0.0,appwise_master.ods
2025-10-01,Tamilnad Mercantile Bank Apps,0.1,35.99,appwise_master.ods
2025-10-01,Tata Pay,0.5,167.09,appwise_master.ods
2025-10-01,Timepay,1.94,38.42,appwise_master.ods
2025-10-01,True Balance,0.15,5.04,appwise_master.ods
2025-10-01,TwidPay,0.1,10.9,appwise_master.ods
2025-10-01,UCO Bank Apps,0.59,161.03,appwise_master.ods
2025-10-01,Ultracash,0.09,6.99,appwise_master.ods
2025-10-01,Union Bank Apps,0.73,225.05,appwise_master.ods
2025-10-01,Unity Small Finance Bank Apps,0.08,25.74,appwise_master.ods
2025-10-01,Utkarsh Small Finance Bank Apps,0.02,5.64,appwise_master.ods
2025-10-01,WhatsApp,84.35,6512.78,appwise_master.ods
2025-10-01,Yes Bank Apps,3.57,2992.99,appwise_master.ods
2025-10-01,super.money,264.77,10962.09,appwise_master.ods
